"","Region","p_male","Cohensd_male","p_female","Cohensd_female"
"1","BRIA.BRIA.Dax_extra_AnteriorcoronaradiataL",0,0.958189152388528,0,0.975526053515833
"2","BRIA.BRIA.Dax_extra_AnteriorlimbofinternalcapsuleL",5.87438668605425e-60,0.119058960989684,1.0068674272972e-134,0.173041253590451
"3","BRIA.BRIA.Dax_extra_ATRL",1.02581329567741e-05,0.0320563920264874,7.95643772590488e-62,0.11575646257244
"4","BRIA.BRIA.Dax_extra_CerebralpeduncleL",0,0.364643368027389,0,0.517592573711431
"5","BRIA.BRIA.Dax_extra_CGL",7.90802501545638e-06,0.0324635129380631,3.49425649999088e-05,0.0287834116641351
"6","BRIA.BRIA.Dax_extra_CINGL",0,0.984022555276827,0,1.17898635650915
"7","BRIA.BRIA.Dax_extra_CingulumcingulategyrusL",2.87085140035552e-244,0.246079136014315,6.86485791811438e-161,0.189611365678794
"8","BRIA.BRIA.Dax_extra_CingulumhippocampusL",0,0.599317955006736,0,0.836875644873788
"9","BRIA.BRIA.Dax_extra_CorticospinaltractL",1.69386412128611e-276,0.262463839872186,1.36567577824024e-240,0.233410029732076
"10","BRIA.BRIA.Dax_extra_CSTL",0,0.337309327810849,0,0.779330695285875
"11","BRIA.BRIA.Dax_extra_ExternalcapsuleL",0,1.27863208543201,0,1.51012277214034
"12","BRIA.BRIA.Dax_extra_Fornix_StriaterminalisL",0,0.584199712225716,0,0.927895255288634
"13","BRIA.BRIA.Dax_extra_IFOFL",0,1.25270420196356,0,1.51243588341187
"14","BRIA.BRIA.Dax_extra_ILFL",4.32847094313167e-192,0.217266611175381,0,0.51914891539666
"15","BRIA.BRIA.Dax_extra_InferiorcerebellarpeduncleL",0,0.626905592990294,0,0.346116970746779
"16","BRIA.BRIA.Dax_extra_MediallemniscusL",2.41525906012969e-142,0.186110793097192,1.72903865041395e-23,0.0695310407973723
"17","BRIA.BRIA.Dax_extra_PosteriorcoronaradiataL",0,1.11312388738474,0,1.01002514225518
"18","BRIA.BRIA.Dax_extra_PosteriorlimbofinternalcapsuleL",3.91854226848737e-76,0.134746450395446,0,0.448661311147999
"19","BRIA.BRIA.Dax_extra_PosteriorthalamicradiationL",4.32126015471975e-77,0.135620324118453,0,0.366451823657942
"20","BRIA.BRIA.Dax_extra_RetrolenticularpartofinternalcapsuleL",2.92555276388556e-63,0.122419151220209,0,0.591125636111204
"21","BRIA.BRIA.Dax_extra_SagittalstratumL",0,1.15145852209482,0,1.51401579443801
"22","BRIA.BRIA.Dax_extra_SLFL",0,0.814088372415375,0,1.07994750601402
"23","BRIA.BRIA.Dax_extra_SLFTL",0,1.33006186044636,0,1.74241523537218
"24","BRIA.BRIA.Dax_extra_SuperiorcerebellarpeduncleL",0,0.908772913431386,0,0.903280957374295
"25","BRIA.BRIA.Dax_extra_SuperiorcoronaradiataL",5.41812458683879e-142,0.185873990268211,8.4935398112199e-66,0.119553364588195
"26","BRIA.BRIA.Dax_extra_SuperiorfrontooccipitalfasciculusL",0,0.560235463991829,0,0.427772090962813
"27","BRIA.BRIA.Dax_extra_SuperiorlongitudinalfasciculusL",0,1.07509505231372,0,1.20165101692384
"28","BRIA.BRIA.Dax_extra_TapetumL",0,0.752756401961509,0,0.779573666090526
"29","BRIA.BRIA.Dax_extra_UFL",0,0.750154428122626,0,0.500409480627156
"30","BRIA.BRIA.Dax_extra_UncinatefasciculusL",0,0.811825532702044,0,0.722074605732337
"31","BRIA.BRIA.Dax_intra_AnteriorcoronaradiataL",0,0.340505308116015,0,0.337030728447728
"32","BRIA.BRIA.Dax_intra_AnteriorlimbofinternalcapsuleL",0,0.568274323813849,0,0.310559242493936
"33","BRIA.BRIA.Dax_intra_ATRL",2.66638067658187e-263,0.255865965069671,0,0.358210642343965
"34","BRIA.BRIA.Dax_intra_CerebralpeduncleL",0,1.07180731900273,0,1.20411740064152
"35","BRIA.BRIA.Dax_intra_CGL",0,0.303052616474432,0,0.311995337838084
"36","BRIA.BRIA.Dax_intra_CINGL",0,0.87779335302616,0,0.967241583485846
"37","BRIA.BRIA.Dax_intra_CingulumcingulategyrusL",0,0.506822475941176,0,0.44463120941038
"38","BRIA.BRIA.Dax_intra_CingulumhippocampusL",0,0.818776362534226,0,1.0534882670436
"39","BRIA.BRIA.Dax_intra_CorticospinaltractL",0,0.289339331591391,7.33862492527001e-200,0.212060854567642
"40","BRIA.BRIA.Dax_intra_CSTL",0,0.949052592873302,0,1.30599053925894
"41","BRIA.BRIA.Dax_intra_ExternalcapsuleL",0,1.24879048274402,0,1.45832053066429
"42","BRIA.BRIA.Dax_intra_Fornix_StriaterminalisL",0,0.647116486774714,0,1.0397178551022
"43","BRIA.BRIA.Dax_intra_IFOFL",0,1.44356325636334,0,1.6715837621656
"44","BRIA.BRIA.Dax_intra_ILFL",0,0.61963455379471,0,0.90039105378951
"45","BRIA.BRIA.Dax_intra_InferiorcerebellarpeduncleL",0,0.307475386286157,0.00564121339918641,0.0192484211070499
"46","BRIA.BRIA.Dax_intra_MediallemniscusL",1.17615053030429e-52,0.111284120198234,0.965574538561885,0.000300104849984628
"47","BRIA.BRIA.Dax_intra_PosteriorcoronaradiataL",0,1.01505580621526,0,0.820376119643228
"48","BRIA.BRIA.Dax_intra_PosteriorlimbofinternalcapsuleL",0,0.621918279360581,0,1.02560595915254
"49","BRIA.BRIA.Dax_intra_PosteriorthalamicradiationL",0,0.601168560261643,0,0.709829377073609
"50","BRIA.BRIA.Dax_intra_RetrolenticularpartofinternalcapsuleL",0.00447554675376913,0.0206516219831471,0,0.493217414485975
"51","BRIA.BRIA.Dax_intra_SagittalstratumL",0,1.18774953804785,0,1.59373474155114
"52","BRIA.BRIA.Dax_intra_SLFL",0,0.982832957619205,0,1.16468249723292
"53","BRIA.BRIA.Dax_intra_SLFTL",0,1.2452705258443,0,1.5624367785281
"54","BRIA.BRIA.Dax_intra_SuperiorcerebellarpeduncleL",0,0.455612683862839,0,0.549880976880343
"55","BRIA.BRIA.Dax_intra_SuperiorcoronaradiataL",3.53349091893572e-42,0.0991046623319749,2.45530743462225e-68,0.121920803352462
"56","BRIA.BRIA.Dax_intra_SuperiorfrontooccipitalfasciculusL",0,0.739569424003052,0,0.60654315803843
"57","BRIA.BRIA.Dax_intra_SuperiorlongitudinalfasciculusL",0,1.09168671574931,0,1.184797050827
"58","BRIA.BRIA.Dax_intra_TapetumL",0,0.803512919280922,0,0.802868172361325
"59","BRIA.BRIA.Dax_intra_UFL",0,0.669875209167947,0,0.39899470700175
"60","BRIA.BRIA.Dax_intra_UncinatefasciculusL",0,0.88157283576493,0,0.804201820260612
"61","BRIA.BRIA.Drad_extra_AnteriorcoronaradiataL",0,0.299207193855034,0,0.322851643397481
"62","BRIA.BRIA.Drad_extra_AnteriorlimbofinternalcapsuleL",0,0.40429445154784,8.34100073333258e-179,0.200219468946262
"63","BRIA.BRIA.Drad_extra_ATRL",1.95197524141767e-116,0.167793047327619,1.34304306523887e-39,0.0917541001743197
"64","BRIA.BRIA.Drad_extra_CerebralpeduncleL",0,0.943224957925407,0,1.02815310535816
"65","BRIA.BRIA.Drad_extra_CGL",0.00104455001432102,0.0238179292588885,2.31277744764642e-11,0.0465071785973225
"66","BRIA.BRIA.Drad_extra_CINGL",0,0.524257183086123,0,0.628082984081741
"67","BRIA.BRIA.Drad_extra_CingulumcingulategyrusL",0,0.399830934472111,0,0.363418352336256
"68","BRIA.BRIA.Drad_extra_CingulumhippocampusL",0,0.30432527874032,0,0.504233114312108
"69","BRIA.BRIA.Drad_extra_CorticospinaltractL",4.07516318836632e-84,0.141874353980913,2.29770649998578e-27,0.0754616393171073
"70","BRIA.BRIA.Drad_extra_CSTL",0,0.651208878046346,0,0.921967037621847
"71","BRIA.BRIA.Drad_extra_ExternalcapsuleL",0,0.998216539414858,0,1.17695091195577
"72","BRIA.BRIA.Drad_extra_Fornix_StriaterminalisL",0,0.358824848934763,0,0.691154196687928
"73","BRIA.BRIA.Drad_extra_IFOFL",0,1.21220412492643,0,1.41703827718689
"74","BRIA.BRIA.Drad_extra_ILFL",0,0.410840537348782,0,0.633894202863489
"75","BRIA.BRIA.Drad_extra_InferiorcerebellarpeduncleL",0,0.337248147345919,2.29786254082214e-105,0.15246268659289
"76","BRIA.BRIA.Drad_extra_MediallemniscusL",3.12766485219805e-101,0.156109074261108,0.0849033778781957,0.0119806020723359
"77","BRIA.BRIA.Drad_extra_PosteriorcoronaradiataL",0,0.763389271877817,0,0.713327905735974
"78","BRIA.BRIA.Drad_extra_PosteriorlimbofinternalcapsuleL",0,0.530666956909783,0,1.01767013184023
"79","BRIA.BRIA.Drad_extra_PosteriorthalamicradiationL",7.94611580185955e-151,0.191752848167754,0,0.296493714634021
"80","BRIA.BRIA.Drad_extra_RetrolenticularpartofinternalcapsuleL",0,0.389524046551991,0,0.811295279047126
"81","BRIA.BRIA.Drad_extra_SagittalstratumL",0,0.979593840441216,0,1.34930838307415
"82","BRIA.BRIA.Drad_extra_SLFL",0,0.691220985175601,0,0.91338804910457
"83","BRIA.BRIA.Drad_extra_SLFTL",0,0.863169215272711,0,1.063599379137
"84","BRIA.BRIA.Drad_extra_SuperiorcerebellarpeduncleL",0,0.349018577664197,0,0.482319760138716
"85","BRIA.BRIA.Drad_extra_SuperiorcoronaradiataL",3.24506301216941e-103,0.157680071724196,1.49608043967602e-33,0.0840854332495933
"86","BRIA.BRIA.Drad_extra_SuperiorfrontooccipitalfasciculusL",0,0.678650900856094,0,0.547203911318575
"87","BRIA.BRIA.Drad_extra_SuperiorlongitudinalfasciculusL",0,0.82872309239613,0,0.990207845996169
"88","BRIA.BRIA.Drad_extra_TapetumL",0,0.866338450976249,0,0.826188069680704
"89","BRIA.BRIA.Drad_extra_UFL",0,0.731155328173949,0,0.460851453530783
"90","BRIA.BRIA.Drad_extra_UncinatefasciculusL",0,0.71923367878547,0,0.634795401031921
"91","BRIA.BRIA.micro_ADC_AnteriorcoronaradiataL",0,0.536544528824176,0,0.531905812297955
"92","BRIA.BRIA.micro_ADC_AnteriorlimbofinternalcapsuleL",0.0095865184710614,0.0188194086629331,2.28019031946498e-134,0.172806251427325
"93","BRIA.BRIA.micro_ADC_ATRL",3.91740196307501e-32,0.0858756609279042,6.80407125851796e-95,0.144454566425557
"94","BRIA.BRIA.micro_ADC_CerebralpeduncleL",3.55023381414557e-289,0.268669426106181,5.97575381942347e-26,0.0733507533545008
"95","BRIA.BRIA.micro_ADC_CGL",0,0.760029363063727,0,0.794574947988273
"96","BRIA.BRIA.micro_ADC_CINGL",4.58925709912389e-307,0.277220348791964,0,0.408582748765057
"97","BRIA.BRIA.micro_ADC_CingulumcingulategyrusL",1.02663193667092e-104,0.158857899318857,1.83270257344877e-103,0.151038356082067
"98","BRIA.BRIA.micro_ADC_CingulumhippocampusL",1.73982463251723e-29,0.0820453995719803,1.40234408734863e-22,0.0680677572873034
"99","BRIA.BRIA.micro_ADC_CorticospinaltractL",0,0.397905959522943,0,0.301327553078712
"100","BRIA.BRIA.micro_ADC_CSTL",4.04469072869091e-08,0.0398894680777115,0,0.527155996991892
"101","BRIA.BRIA.micro_ADC_ExternalcapsuleL",0,0.893269110497295,0,0.984947834014167
"102","BRIA.BRIA.micro_ADC_Fornix_StriaterminalisL",0,0.669685286854739,0,0.92856497065351
"103","BRIA.BRIA.micro_ADC_IFOFL",0,1.08012705087765,0,1.35682874255769
"104","BRIA.BRIA.micro_ADC_ILFL",0.168086599473767,0.0100133720986516,3.41279445653929e-299,0.261377833134892
"105","BRIA.BRIA.micro_ADC_InferiorcerebellarpeduncleL",0,0.687309230258462,0,0.561580352780113
"106","BRIA.BRIA.micro_ADC_MediallemniscusL",0,0.437989477720771,0,0.296582139551489
"107","BRIA.BRIA.micro_ADC_PosteriorcoronaradiataL",0,0.689790570686751,0,0.702383474259094
"108","BRIA.BRIA.micro_ADC_PosteriorlimbofinternalcapsuleL",3.50522236993291e-45,0.102739024496372,4.17865244159949e-118,0.16169708840533
"109","BRIA.BRIA.micro_ADC_PosteriorthalamicradiationL",1.7920306495833e-43,0.100687102661449,0,0.278146660994637
"110","BRIA.BRIA.micro_ADC_RetrolenticularpartofinternalcapsuleL",0,0.352779677760619,0,0.764381548885822
"111","BRIA.BRIA.micro_ADC_SagittalstratumL",0,0.86386156004309,0,1.15825223019204
"112","BRIA.BRIA.micro_ADC_SLFL",0,0.736700628523067,0,0.952767653720335
"113","BRIA.BRIA.micro_ADC_SLFTL",0,1.145508867689,0,1.45059226245348
"114","BRIA.BRIA.micro_ADC_SuperiorcerebellarpeduncleL",0,0.99492887056118,0,0.86814674735397
"115","BRIA.BRIA.micro_ADC_SuperiorcoronaradiataL",0.318178932421464,0.00725149408844497,8.55125429235704e-285,0.254757338697225
"116","BRIA.BRIA.micro_ADC_SuperiorfrontooccipitalfasciculusL",0,0.353915067201126,3.96053592302908e-217,0.221339286333975
"117","BRIA.BRIA.micro_ADC_SuperiorlongitudinalfasciculusL",0,0.975475339098923,0,1.09034445171511
"118","BRIA.BRIA.micro_ADC_TapetumL",0,0.408249022177802,0,0.354315959355547
"119","BRIA.BRIA.micro_ADC_UFL",0,0.593409974364111,0,0.424003940937619
"120","BRIA.BRIA.micro_ADC_UncinatefasciculusL",0,0.488688888505586,0,0.363846382831954
"121","BRIA.BRIA.micro_Ax_AnteriorcoronaradiataL",0,0.869688127556887,0,0.872972476146851
"122","BRIA.BRIA.micro_Ax_AnteriorlimbofinternalcapsuleL",0.131728565459929,0.0109501407597265,3.54199981829081e-190,0.206692119316313
"123","BRIA.BRIA.micro_Ax_ATRL",0.00553519747379253,0.0201543967097937,0.988443245435638,0.000100718558065056
"124","BRIA.BRIA.micro_Ax_CerebralpeduncleL",0,0.478434295944143,0,0.312517391150986
"125","BRIA.BRIA.micro_Ax_CGL",0,0.530039901712382,0,0.576851374611832
"126","BRIA.BRIA.micro_Ax_CINGL",0,1.05028984870713,0,1.31354708039599
"127","BRIA.BRIA.micro_Ax_CingulumcingulategyrusL",9.66872305295031e-228,0.237292335279322,0,0.278187565222424
"128","BRIA.BRIA.micro_Ax_CingulumhippocampusL",0,0.39996520866135,0,0.599440436088349
"129","BRIA.BRIA.micro_Ax_CorticospinaltractL",4.98127969319988e-248,0.24803991317157,2.92163948057889e-144,0.179246547254585
"130","BRIA.BRIA.micro_Ax_CSTL",0,0.427009205749351,8.43179812935389e-05,0.0273444530846238
"131","BRIA.BRIA.micro_Ax_ExternalcapsuleL",0,1.16020188013911,0,1.32123438761898
"132","BRIA.BRIA.micro_Ax_Fornix_StriaterminalisL",0,0.358299610288072,0,0.636172209258711
"133","BRIA.BRIA.micro_Ax_IFOFL",0,1.11865155792384,0,1.414415450652
"134","BRIA.BRIA.micro_Ax_ILFL",4.40391431768079e-106,0.159924722109105,3.28314941680909e-30,0.0795406146252037
"135","BRIA.BRIA.micro_Ax_InferiorcerebellarpeduncleL",0,0.655860015152069,0,0.424819665524322
"136","BRIA.BRIA.micro_Ax_MediallemniscusL",0,0.453745143241664,0,0.358376283726435
"137","BRIA.BRIA.micro_Ax_PosteriorcoronaradiataL",0,0.730126435207106,0,0.707366855198961
"138","BRIA.BRIA.micro_Ax_PosteriorlimbofinternalcapsuleL",0,0.360977572958818,3.25656105340644e-40,0.0924997849948821
"139","BRIA.BRIA.micro_Ax_PosteriorthalamicradiationL",1.44929298078248e-146,0.18893833375776,0,0.441569006143938
"140","BRIA.BRIA.micro_Ax_RetrolenticularpartofinternalcapsuleL",1.16741905264738e-36,0.0920648451007619,0,0.383256686143203
"141","BRIA.BRIA.micro_Ax_SagittalstratumL",0,0.937933662907614,0,1.229984439276
"142","BRIA.BRIA.micro_Ax_SLFL",0,0.651885881343,0,0.843693066764511
"143","BRIA.BRIA.micro_Ax_SLFTL",0,1.48174476870479,0,1.9200308470127
"144","BRIA.BRIA.micro_Ax_SuperiorcerebellarpeduncleL",0,0.935355026743958,0,0.782936056510708
"145","BRIA.BRIA.micro_Ax_SuperiorcoronaradiataL",0.348656183470042,0.00680828912638385,1.08430267703586e-263,0.244771752967762
"146","BRIA.BRIA.micro_Ax_SuperiorfrontooccipitalfasciculusL",0.00350067815025644,0.0212142658326667,2.30060950606799e-94,0.144038700062214
"147","BRIA.BRIA.micro_Ax_SuperiorlongitudinalfasciculusL",0,0.845409970284533,0,0.906603997575603
"148","BRIA.BRIA.micro_Ax_TapetumL",0,0.297683826588868,0,0.301574833526847
"149","BRIA.BRIA.micro_Ax_UFL",4.53088998136954e-105,0.159135659876952,8.26884463692245e-75,0.12776473387463
"150","BRIA.BRIA.micro_Ax_UncinatefasciculusL",0,0.906412994376124,0,0.780957070225852
"151","BRIA.BRIA.micro_FA_AnteriorcoronaradiataL",7.24025868688944e-122,0.171784297720576,5.43373330921167e-227,0.226483878544473
"152","BRIA.BRIA.micro_FA_AnteriorlimbofinternalcapsuleL",1.12208578726205e-212,0.229022563847873,6.10780296663079e-148,0.181587602323937
"153","BRIA.BRIA.micro_FA_ATRL",8.52037833702153e-136,0.181644767991062,0,0.288990897147064
"154","BRIA.BRIA.micro_FA_CerebralpeduncleL",6.63523913933412e-91,0.147676621158734,0,0.474182868039726
"155","BRIA.BRIA.micro_FA_CGL",0,0.446133486376209,0,0.305232671313452
"156","BRIA.BRIA.micro_FA_CINGL",0,1.02092885713838,0,1.17710220637877
"157","BRIA.BRIA.micro_FA_CingulumcingulategyrusL",0,0.821702691496296,0,0.897779909117804
"158","BRIA.BRIA.micro_FA_CingulumhippocampusL",0,0.832923409112532,0,0.954400161579795
"159","BRIA.BRIA.micro_FA_CorticospinaltractL",0,0.433490140059472,0,0.310646131447795
"160","BRIA.BRIA.micro_FA_CSTL",0,0.86731954413288,0,1.14542052153584
"161","BRIA.BRIA.micro_FA_ExternalcapsuleL",0,0.723260083506662,0,0.844941541818636
"162","BRIA.BRIA.micro_FA_Fornix_StriaterminalisL",0,0.834569161577809,0,0.846035808703488
"163","BRIA.BRIA.micro_FA_IFOFL",0,0.434148661436728,0,0.43149687904298
"164","BRIA.BRIA.micro_FA_ILFL",0,0.410528935489442,0,0.571829611504358
"165","BRIA.BRIA.micro_FA_InferiorcerebellarpeduncleL",0,0.487666592784754,0,0.504320491275141
"166","BRIA.BRIA.micro_FA_MediallemniscusL",1.19181777397864e-241,0.244705838578855,2.89584064228754e-79,0.131642407568795
"167","BRIA.BRIA.micro_FA_PosteriorcoronaradiataL",0,0.639314722290611,0,0.606524030554077
"168","BRIA.BRIA.micro_FA_PosteriorlimbofinternalcapsuleL",0,0.632490002802701,0,0.851907585316572
"169","BRIA.BRIA.micro_FA_PosteriorthalamicradiationL",3.45877714936946e-12,0.0505759601821032,1.24189554545612e-63,0.117498308000648
"170","BRIA.BRIA.micro_FA_RetrolenticularpartofinternalcapsuleL",0,1.00474384889674,0,1.11228286183595
"171","BRIA.BRIA.micro_FA_SagittalstratumL",0,0.364148431761314,0,0.502043095960623
"172","BRIA.BRIA.micro_FA_SLFL",0,0.568473819324326,0,0.688077940627839
"173","BRIA.BRIA.micro_FA_SLFTL",0,0.567274528140333,0,0.69544897874123
"174","BRIA.BRIA.micro_FA_SuperiorcerebellarpeduncleL",0,0.799665545080926,0,0.710691348590712
"175","BRIA.BRIA.micro_FA_SuperiorcoronaradiataL",3.23711753394652e-22,0.0704995618307066,3.58624375935748e-299,0.261368043349386
"176","BRIA.BRIA.micro_FA_SuperiorfrontooccipitalfasciculusL",0,0.634209353600278,0,0.527088009904657
"177","BRIA.BRIA.micro_FA_SuperiorlongitudinalfasciculusL",0,0.860990951195308,0,0.997838163182279
"178","BRIA.BRIA.micro_FA_TapetumL",0,0.545664396012029,0,0.448481868897541
"179","BRIA.BRIA.micro_FA_UFL",0,0.878653860715953,0,0.977577760201797
"180","BRIA.BRIA.micro_FA_UncinatefasciculusL",0,1.02569799298343,0,0.966750801688481
"181","BRIA.BRIA.micro_Rd_AnteriorcoronaradiataL",5.69176272220817e-210,0.227509036754669,6.36172268875284e-231,0.228505512656173
"182","BRIA.BRIA.micro_Rd_AnteriorlimbofinternalcapsuleL",1.21194131489861e-19,0.0659454977393506,5.85303169057499e-12,0.0478890791615982
"183","BRIA.BRIA.micro_Rd_ATRL",4.78890403701958e-153,0.193204107079033,3.17193915789738e-302,0.262753249030647
"184","BRIA.BRIA.micro_Rd_CerebralpeduncleL",1.15576495030429e-12,0.0516885613914915,9.01825012882362e-182,0.201926063685686
"185","BRIA.BRIA.micro_Rd_CGL",0,0.687634026891967,0,0.621796484963182
"186","BRIA.BRIA.micro_Rd_CINGL",7.82548093657742e-287,0.26753191215788,0,0.283701422327855
"187","BRIA.BRIA.micro_Rd_CingulumcingulategyrusL",0,0.35134203970146,0,0.34217180079384
"188","BRIA.BRIA.micro_Rd_CingulumhippocampusL",0,0.633317641235632,0,0.609404534952602
"189","BRIA.BRIA.micro_Rd_CorticospinaltractL",0,0.376643662544187,0,0.283765882319881
"190","BRIA.BRIA.micro_Rd_CSTL",1.18575755001899e-322,0.284485654220118,0,0.559245877013571
"191","BRIA.BRIA.micro_Rd_ExternalcapsuleL",1.83786304137124e-274,0.261455697705631,1.2893981407817e-246,0.236420236720818
"192","BRIA.BRIA.micro_Rd_Fornix_StriaterminalisL",0,0.821229520818228,0,0.993029883608876
"193","BRIA.BRIA.micro_Rd_IFOFL",0,0.811129226105397,0,0.9529448573449
"194","BRIA.BRIA.micro_Rd_ILFL",2.99765975887668e-32,0.086039998010604,0,0.307705001436262
"195","BRIA.BRIA.micro_Rd_InferiorcerebellarpeduncleL",0,0.584436869494955,0,0.540751038291948
"196","BRIA.BRIA.micro_Rd_MediallemniscusL",0,0.361270202255961,8.35795594183478e-233,0.229467319007305
"197","BRIA.BRIA.micro_Rd_PosteriorcoronaradiataL",0,0.567177293254474,0,0.57119981798991
"198","BRIA.BRIA.micro_Rd_PosteriorlimbofinternalcapsuleL",1.24247050350303e-82,0.140575362845965,0,0.40394194945056
"199","BRIA.BRIA.micro_Rd_PosteriorthalamicradiationL",9.60310305047348e-15,0.0563031747000882,2.36248207501218e-133,0.172132415811086
"200","BRIA.BRIA.micro_Rd_RetrolenticularpartofinternalcapsuleL",0,0.632017070218183,0,0.906909775983117
"201","BRIA.BRIA.micro_Rd_SagittalstratumL",0,0.665677228192705,0,0.872795757774236
"202","BRIA.BRIA.micro_Rd_SLFL",0,0.620750126941949,0,0.790136715427043
"203","BRIA.BRIA.micro_Rd_SLFTL",0,0.36454860554224,0,0.400176871400739
"204","BRIA.BRIA.micro_Rd_SuperiorcerebellarpeduncleL",0,0.873542496017335,0,0.76513503908887
"205","BRIA.BRIA.micro_Rd_SuperiorcoronaradiataL",0.011993722929043,0.0182521401168513,1.51918915047084e-223,0.224698181173581
"206","BRIA.BRIA.micro_Rd_SuperiorfrontooccipitalfasciculusL",0,0.474139943527659,0,0.377660592648087
"207","BRIA.BRIA.micro_Rd_SuperiorlongitudinalfasciculusL",0,0.746189374808654,0,0.850885445215511
"208","BRIA.BRIA.micro_Rd_TapetumL",0,0.414597426346868,0,0.346431228263176
"209","BRIA.BRIA.micro_Rd_UFL",0,0.689841962827964,0,0.633578889140835
"210","BRIA.BRIA.micro_Rd_UncinatefasciculusL",2.28633908471199e-310,0.278774371921547,0,0.319335274477623
"211","BRIA.BRIA.v_csf_AnteriorcoronaradiataL",3.54083203269415e-315,0.28102456606585,1.17835299170857e-260,0.243305407554182
"212","BRIA.BRIA.v_csf_AnteriorlimbofinternalcapsuleL",7.74393278137143e-42,0.0986841341668529,2.1452203709587e-40,0.0927183650527627
"213","BRIA.BRIA.v_csf_ATRL",0.00722917908202987,0.0195148127027992,5.50526859718846e-05,0.028049151327723
"214","BRIA.BRIA.v_csf_CerebralpeduncleL",0,0.459634659556099,0,0.370702702280448
"215","BRIA.BRIA.v_csf_CGL",0,0.618734008585461,0,0.608895609857041
"216","BRIA.BRIA.v_csf_CINGL",2.92678379553161e-11,0.0483381284590321,1.42064103830101e-43,0.0964730579247288
"217","BRIA.BRIA.v_csf_CingulumcingulategyrusL",3.37570019927468e-22,0.0704683461600234,8.75707488638021e-15,0.0539707684758073
"218","BRIA.BRIA.v_csf_CingulumhippocampusL",1.51223252954332e-248,0.248308777755041,1.57825507452876e-201,0.212972823225576
"219","BRIA.BRIA.v_csf_CorticospinaltractL",0,0.301364739318431,1.13194646024487e-231,0.22888921809284
"220","BRIA.BRIA.v_csf_CSTL",2.36331858213542e-206,0.225470393523144,4.22314092086448e-42,0.0947511012953205
"221","BRIA.BRIA.v_csf_ExternalcapsuleL",1.86351271729492e-289,0.268805035038964,2.98055041802769e-296,0.260037469914948
"222","BRIA.BRIA.v_csf_Fornix_StriaterminalisL",0,0.354673650024002,0,0.383217888907765
"223","BRIA.BRIA.v_csf_IFOFL",0,0.340972801002229,0,0.43785409002245
"224","BRIA.BRIA.v_csf_ILFL",2.52914668123882e-202,0.223180349359716,5.21026713834006e-57,0.11098411088401
"225","BRIA.BRIA.v_csf_InferiorcerebellarpeduncleL",0,0.463783613070745,0,0.412991081338217
"226","BRIA.BRIA.v_csf_MediallemniscusL",0,0.303733440401735,4.01338306070347e-197,0.210555613235512
"227","BRIA.BRIA.v_csf_PosteriorcoronaradiataL",0,0.291811907181186,6.32092468880528e-317,0.269335745802684
"228","BRIA.BRIA.v_csf_PosteriorlimbofinternalcapsuleL",1.06403711903035e-225,0.236186781764964,4.14715539974496e-71,0.12445622512854
"229","BRIA.BRIA.v_csf_PosteriorthalamicradiationL",0.00180155359024775,0.0226761599461739,1.12996288150306e-15,0.0557530105671497
"230","BRIA.BRIA.v_csf_RetrolenticularpartofinternalcapsuleL",6.29879544563801e-125,0.173995648663791,0,0.351953042922796
"231","BRIA.BRIA.v_csf_SagittalstratumL",1.76180431874697e-304,0.275999140544416,0,0.346696591452837
"232","BRIA.BRIA.v_csf_SLFL",0,0.317283076460428,0,0.361129554781101
"233","BRIA.BRIA.v_csf_SLFTL",0,0.541857799975515,0,0.608793768958316
"234","BRIA.BRIA.v_csf_SuperiorcerebellarpeduncleL",0,0.66092606584314,0,0.517644814379254
"235","BRIA.BRIA.v_csf_SuperiorcoronaradiataL",0.0260071451547655,0.0161724260772956,7.81618650961753e-44,0.0967732892795055
"236","BRIA.BRIA.v_csf_SuperiorfrontooccipitalfasciculusL",2.18104538663367e-07,0.0376663470164539,6.23998163480564e-08,0.0376437373742486
"237","BRIA.BRIA.v_csf_SuperiorlongitudinalfasciculusL",0,0.335743487416385,0,0.307723791256735
"238","BRIA.BRIA.v_csf_TapetumL",9.74697937551227e-246,0.246846769166567,1.35329561757736e-186,0.204673527264406
"239","BRIA.BRIA.v_csf_UFL",1.93141989031994e-28,0.0804843022158101,0.00442653769890884,0.0197917131392132
"240","BRIA.BRIA.v_csf_UncinatefasciculusL",3.4412774429439e-20,0.0669382290976671,4.28543162050662e-13,0.0504180567113174
"241","BRIA.BRIA.v_extra_AnteriorcoronaradiataL",0,0.340988632838256,0,0.363636589925577
"242","BRIA.BRIA.v_extra_AnteriorlimbofinternalcapsuleL",3.19408567157097e-207,0.225961624009523,1.39092209243504e-243,0.234909231988558
"243","BRIA.BRIA.v_extra_ATRL",1.31126300987787e-51,0.110125553218539,5.09049631351016e-132,0.171243772331421
"244","BRIA.BRIA.v_extra_CerebralpeduncleL",0,1.27908754799183,0,1.32520286511618
"245","BRIA.BRIA.v_extra_CGL",0,0.55244584423801,0,0.59915619869858
"246","BRIA.BRIA.v_extra_CINGL",0,1.17825800005954,0,1.3908551426739
"247","BRIA.BRIA.v_extra_CingulumcingulategyrusL",0,0.617672941989889,0,0.579681914589984
"248","BRIA.BRIA.v_extra_CingulumhippocampusL",0,0.378495677471202,0,0.47987077750688
"249","BRIA.BRIA.v_extra_CorticospinaltractL",1.6610763746721e-172,0.205520150562624,1.58542453809365e-185,0.204067724326669
"250","BRIA.BRIA.v_extra_CSTL",0,0.897998313785547,0,0.802527374044168
"251","BRIA.BRIA.v_extra_ExternalcapsuleL",0,0.65742267359777,0,0.77855790396881
"252","BRIA.BRIA.v_extra_Fornix_StriaterminalisL",5.36695392309513e-37,0.0925102643941881,1.35849437855576e-14,0.0535811524872546
"253","BRIA.BRIA.v_extra_IFOFL",0,0.527857437632048,0,0.730026551712639
"254","BRIA.BRIA.v_extra_ILFL",0,0.616540073326584,0,0.513792655580169
"255","BRIA.BRIA.v_extra_InferiorcerebellarpeduncleL",1.79425589992976e-305,0.276468505470014,2.2694878236834e-102,0.150214066466674
"256","BRIA.BRIA.v_extra_MediallemniscusL",0,0.489203160324071,0,0.487071909194533
"257","BRIA.BRIA.v_extra_PosteriorcoronaradiataL",4.18923994547099e-133,0.179778813766074,1.60049914445756e-85,0.136910000968413
"258","BRIA.BRIA.v_extra_PosteriorlimbofinternalcapsuleL",0,0.961627018915676,0,1.15605340552183
"259","BRIA.BRIA.v_extra_PosteriorthalamicradiationL",8.59982508689148e-85,0.142461970139376,0,0.278981508532263
"260","BRIA.BRIA.v_extra_RetrolenticularpartofinternalcapsuleL",0,0.572967851176957,0,0.284012758117755
"261","BRIA.BRIA.v_extra_SagittalstratumL",0,0.40791380142011,0,0.505089202080804
"262","BRIA.BRIA.v_extra_SLFL",2.10086727777108e-18,0.0636406463103728,1.1007661288987e-47,0.101127475172669
"263","BRIA.BRIA.v_extra_SLFTL",0,1.06301526217649,0,1.21148982397331
"264","BRIA.BRIA.v_extra_SuperiorcerebellarpeduncleL",0,0.496030739251548,0,0.343064017628078
"265","BRIA.BRIA.v_extra_SuperiorcoronaradiataL",3.35408135836247e-28,0.0801221894015805,5.72711500020749e-15,0.0543450023638092
"266","BRIA.BRIA.v_extra_SuperiorfrontooccipitalfasciculusL",0,0.811562463000144,0,0.747116865629496
"267","BRIA.BRIA.v_extra_SuperiorlongitudinalfasciculusL",3.71960552408817e-23,0.0720929322790905,7.69554452105331e-81,0.13298754993791
"268","BRIA.BRIA.v_extra_TapetumL",1.30034218233853e-197,0.220475708173852,6.69939057228239e-174,0.197367616769503
"269","BRIA.BRIA.v_extra_UFL",0,0.699369388245577,0,0.938852088270987
"270","BRIA.BRIA.v_extra_UncinatefasciculusL",0,0.881382315776381,0,0.780204960596005
"271","BRIA.BRIA.v_intra_AnteriorcoronaradiataL",2.86284201848346e-194,0.218538282557925,1.534923390649e-273,0.249475963182433
"272","BRIA.BRIA.v_intra_AnteriorlimbofinternalcapsuleL",0,0.353828584991074,0,0.301073149447581
"273","BRIA.BRIA.v_intra_ATRL",7.60860467504532e-207,0.225748697336422,0,0.326646919562899
"274","BRIA.BRIA.v_intra_CerebralpeduncleL",0,1.40153188570511,0,1.50466744742626
"275","BRIA.BRIA.v_intra_CGL",9.31214929281581e-320,0.283152995600223,0,0.417294799117391
"276","BRIA.BRIA.v_intra_CINGL",0,1.56914939455023,0,1.81073316878281
"277","BRIA.BRIA.v_intra_CingulumcingulategyrusL",0,0.923977872437075,0,0.938663144967258
"278","BRIA.BRIA.v_intra_CingulumhippocampusL",0,0.644611228377886,0,0.755406178497394
"279","BRIA.BRIA.v_intra_CorticospinaltractL",1.18668691070627e-10,0.0468159586419353,0.0307610658718198,0.0150212776467135
"280","BRIA.BRIA.v_intra_CSTL",0,1.38502124367094,0,1.45424310377014
"281","BRIA.BRIA.v_intra_ExternalcapsuleL",0,0.718943498383353,0,0.83409046507963
"282","BRIA.BRIA.v_intra_Fornix_StriaterminalisL",0,0.619644147667878,0,0.454034935704128
"283","BRIA.BRIA.v_intra_IFOFL",3.08197802997306e-145,0.18805338696335,0,0.439189045610599
"284","BRIA.BRIA.v_intra_ILFL",0,0.712049613737523,0,0.748646176598625
"285","BRIA.BRIA.v_intra_InferiorcerebellarpeduncleL",6.9704054574021e-128,0.176106756622676,2.40333725579322e-283,0.254082854873043
"286","BRIA.BRIA.v_intra_MediallemniscusL",0,0.319620394157398,0,0.378304734902862
"287","BRIA.BRIA.v_intra_PosteriorcoronaradiataL",0,0.631296444123105,0,0.555344679510229
"288","BRIA.BRIA.v_intra_PosteriorlimbofinternalcapsuleL",0,1.50500809989405,0,1.60936833211597
"289","BRIA.BRIA.v_intra_PosteriorthalamicradiationL",1.13129190035647e-59,0.118765110376082,1.38536918934642e-137,0.174924626321567
"290","BRIA.BRIA.v_intra_RetrolenticularpartofinternalcapsuleL",0,0.964736959630381,0,0.831940310397331
"291","BRIA.BRIA.v_intra_SagittalstratumL",3.63354428518325e-22,0.0704135025622269,7.37232803693406e-43,0.0956409206626389
"292","BRIA.BRIA.v_intra_SLFL",1.83435414819774e-127,0.175808089895216,2.29393242392577e-165,0.192312419962194
"293","BRIA.BRIA.v_intra_SLFTL",0,1.1971584797596,0,1.39802230603113
"294","BRIA.BRIA.v_intra_SuperiorcerebellarpeduncleL",6.8939874106223e-111,0.163621110074569,0,0.272521074205028
"295","BRIA.BRIA.v_intra_SuperiorcoronaradiataL",1.28178812453723e-12,0.0515844979460374,1.27779992943773e-31,0.0814883075101666
"296","BRIA.BRIA.v_intra_SuperiorfrontooccipitalfasciculusL",0,0.897065114583502,0,0.779042679680856
"297","BRIA.BRIA.v_intra_SuperiorlongitudinalfasciculusL",0,0.548403982592185,0,0.685422529909454
"298","BRIA.BRIA.v_intra_TapetumL",0,0.678015305585488,0,0.562670336368227
"299","BRIA.BRIA.v_intra_UFL",0,1.17162136365648,0,1.40529734094112
"300","BRIA.BRIA.v_intra_UncinatefasciculusL",0,1.11304092070247,0,0.995461694613553
"301","DKI.DKI.AK_AnteriorcoronaradiataL",0,0.694257121856963,0,0.520281435798274
"302","DKI.DKI.AK_AnteriorlimbofinternalcapsuleL",0,0.497577235418869,1.51744597265987e-238,0.232379993913873
"303","DKI.DKI.AK_ATRL",0,0.356890515413121,0,0.312497238109038
"304","DKI.DKI.AK_CerebralpeduncleL",4.04340413425595e-210,0.22759235459677,1.04583231052468e-155,0.186438496437503
"305","DKI.DKI.AK_CGL",0,1.65055457502209,0,1.583781905925
"306","DKI.DKI.AK_CINGL",1.1980238245259e-137,0.182918308403841,1.4580012372065e-43,0.0964599937783887
"307","DKI.DKI.AK_CingulumcingulategyrusL",0,0.507323898527607,0,0.348274033385388
"308","DKI.DKI.AK_CingulumhippocampusL",2.34452633203418e-236,0.24190804118408,2.13117998142824e-157,0.187479092907823
"309","DKI.DKI.AK_CorticospinaltractL",0,0.683553402578718,0,0.721420978905489
"310","DKI.DKI.AK_CSTL",8.16654616986673e-06,0.032413433756867,2.22351049046446e-29,0.0783708939420512
"311","DKI.DKI.AK_ExternalcapsuleL",0,0.314872100158586,0,0.296322299528485
"312","DKI.DKI.AK_Fornix_StriaterminalisL",0,0.304667731470121,0,0.276206663441922
"313","DKI.DKI.AK_IFOFL",0,1.29874562214997,0,1.04121197066595
"314","DKI.DKI.AK_ILFL",0,0.426532453458512,0,0.311455564369575
"315","DKI.DKI.AK_InferiorcerebellarpeduncleL",0,0.370026181608806,0,0.279225407560966
"316","DKI.DKI.AK_MediallemniscusL",0,0.513142178752452,0,0.551423506719076
"317","DKI.DKI.AK_PosteriorcoronaradiataL",0,0.99185606007022,0,0.848287884616912
"318","DKI.DKI.AK_PosteriorlimbofinternalcapsuleL",1.02508868328977e-288,0.268446206841598,0,0.368568301303993
"319","DKI.DKI.AK_PosteriorthalamicradiationL",0,0.33364935723932,0,0.307116986575459
"320","DKI.DKI.AK_RetrolenticularpartofinternalcapsuleL",1.10075205373075e-186,0.214083238207194,2.26656908813161e-107,0.15395146976163
"321","DKI.DKI.AK_SagittalstratumL",0,0.994138852056502,0,0.990794833241214
"322","DKI.DKI.AK_SLFL",2.30441102090351e-123,0.172869406838272,1.97640691147426e-12,0.0489545213041087
"323","DKI.DKI.AK_SLFTL",0,0.693753675862394,0,0.763363050785737
"324","DKI.DKI.AK_SuperiorcerebellarpeduncleL",3.04568894763093e-67,0.126356359210579,6.94635797663023e-12,0.0477189347220829
"325","DKI.DKI.AK_SuperiorcoronaradiataL",0,0.37580838084635,2.25775723761875e-59,0.113350094216728
"326","DKI.DKI.AK_SuperiorfrontooccipitalfasciculusL",0,0.634182675632134,0,0.72545811284953
"327","DKI.DKI.AK_SuperiorlongitudinalfasciculusL",0,0.457407353203138,0,0.329075521230203
"328","DKI.DKI.AK_TapetumL",0,0.348320503016671,1.47528001848196e-320,0.270940666425428
"329","DKI.DKI.AK_UFL",0,1.41211627253798,0,1.36335707722991
"330","DKI.DKI.AK_UncinatefasciculusL",1.21817357798519e-11,0.0492684078784597,1.93275023453044e-70,0.123849502424353
"331","DKI.DKI.MK_AnteriorcoronaradiataL",4.67563983291062e-60,0.119161135797436,1.82637792517301e-23,0.0694931342442845
"332","DKI.DKI.MK_AnteriorlimbofinternalcapsuleL",0,0.445748851605662,0,0.356410063404311
"333","DKI.DKI.MK_ATRL",1.18573593050082e-15,0.0582076290750306,1.07862971899959e-19,0.0632050256409939
"334","DKI.DKI.MK_CerebralpeduncleL",0,0.426376617191237,0,0.513691388867823
"335","DKI.DKI.MK_CGL",0,0.629472981659312,0,0.62050928283693
"336","DKI.DKI.MK_CINGL",0,1.28333302919611,0,1.44821291739295
"337","DKI.DKI.MK_CingulumcingulategyrusL",0,0.997062233811787,0,0.965135195316196
"338","DKI.DKI.MK_CingulumhippocampusL",1.76602455190924e-182,0.211576503881327,0,0.327090736908261
"339","DKI.DKI.MK_CorticospinaltractL",0.000138788947573585,0.0276850542545297,2.6510012120702e-17,0.0588838206635011
"340","DKI.DKI.MK_CSTL",0,0.903070627743748,0,0.852622826699353
"341","DKI.DKI.MK_ExternalcapsuleL",0,0.311717936851849,0,0.374038943833635
"342","DKI.DKI.MK_Fornix_StriaterminalisL",0,0.492618320271392,0,0.316610934535693
"343","DKI.DKI.MK_IFOFL",2.76676761671098e-322,0.284316545693861,0,0.356392449965244
"344","DKI.DKI.MK_ILFL",0,0.433807995061183,0,0.526261696099376
"345","DKI.DKI.MK_InferiorcerebellarpeduncleL",5.06910814247816e-110,0.162960465981957,8.11612802941693e-178,0.199647950852034
"346","DKI.DKI.MK_MediallemniscusL",7.91141473408563e-42,0.0986726418657854,3.45261525649731e-80,0.132432561759491
"347","DKI.DKI.MK_PosteriorcoronaradiataL",0,0.725123606339846,0,0.598752459368916
"348","DKI.DKI.MK_PosteriorlimbofinternalcapsuleL",1.38720553615897e-25,0.0760605904510415,2.2313789735439e-07,0.0360230971598969
"349","DKI.DKI.MK_PosteriorthalamicradiationL",3.00364279360525e-97,0.152909494922077,0.0162895870117077,0.0167057970745325
"350","DKI.DKI.MK_RetrolenticularpartofinternalcapsuleL",0,0.650745201056579,0,0.427832953019174
"351","DKI.DKI.MK_SagittalstratumL",6.77499546676794e-19,0.0645645318137925,2.62561623597128e-12,0.048677938548136
"352","DKI.DKI.MK_SLFL",0.237863484280064,0.00857467458787719,3.25947280241539e-11,0.0461559425881577
"353","DKI.DKI.MK_SLFTL",0,1.15938266325703,0,1.23677557044177
"354","DKI.DKI.MK_SuperiorcerebellarpeduncleL",2.2547936438209e-227,0.237093538770091,0,0.294368274500796
"355","DKI.DKI.MK_SuperiorcoronaradiataL",2.50589785272198e-137,0.182698507415112,1.09792597946641e-44,0.0977532431277307
"356","DKI.DKI.MK_SuperiorfrontooccipitalfasciculusL",0,1.02718798272467,0,0.882544979657294
"357","DKI.DKI.MK_SuperiorlongitudinalfasciculusL",0,0.470685570688033,0,0.544229496092809
"358","DKI.DKI.MK_TapetumL",0,0.783938370439703,0,0.73422274897312
"359","DKI.DKI.MK_UFL",0,1.24807078919339,0,1.30329643675133
"360","DKI.DKI.MK_UncinatefasciculusL",0,0.379095052285845,7.82307958678335e-281,0.252909387715523
"361","DKI.DKI.RK_AnteriorcoronaradiataL",0,0.458201965532249,0,0.433426032290143
"362","DKI.DKI.RK_AnteriorlimbofinternalcapsuleL",0,0.583446590076286,0,0.464556626644326
"363","DKI.DKI.RK_ATRL",0,0.694248035528434,0,0.483352382444222
"364","DKI.DKI.RK_CerebralpeduncleL",7.14451982448027e-307,0.277129666089838,0,0.363290905753403
"365","DKI.DKI.RK_CGL",0,0.691303664093996,0,0.793518255790499
"366","DKI.DKI.RK_CINGL",0,1.2269876524527,0,1.34813027898782
"367","DKI.DKI.RK_CingulumcingulategyrusL",0,1.90475977300392,0,1.87924998555432
"368","DKI.DKI.RK_CingulumhippocampusL",0,0.392916625012939,0,0.503951019625759
"369","DKI.DKI.RK_CorticospinaltractL",4.37874679133102e-183,0.211939187791121,1.97690236922499e-139,0.176129361684016
"370","DKI.DKI.RK_CSTL",0,0.458277568131677,0,0.398295160552141
"371","DKI.DKI.RK_ExternalcapsuleL",1.10630429356461e-163,0.200022365955865,0,0.382327837715433
"372","DKI.DKI.RK_Fornix_StriaterminalisL",0,0.469396687696935,0,0.351799550689402
"373","DKI.DKI.RK_IFOFL",0,0.494071304587654,0,0.516671432610372
"374","DKI.DKI.RK_ILFL",0,1.26685155141395,0,1.29506330175581
"375","DKI.DKI.RK_InferiorcerebellarpeduncleL",0.0201774902768856,0.0168766809072354,7.37383043258837e-33,0.083163045331835
"376","DKI.DKI.RK_MediallemniscusL",8.86157671864539e-59,0.117837560049579,2.81506715673222e-32,0.0823806194060299
"377","DKI.DKI.RK_PosteriorcoronaradiataL",0.100185068565325,0.0119428253963687,0.150280898168015,0.0100030234814335
"378","DKI.DKI.RK_PosteriorlimbofinternalcapsuleL",0,0.325736148075459,0,0.392402636214587
"379","DKI.DKI.RK_PosteriorthalamicradiationL",0.736061223512387,0.00244865074727893,1.00446938002305e-115,0.160009757965472
"380","DKI.DKI.RK_RetrolenticularpartofinternalcapsuleL",0,0.60975132629594,0,0.407731600288055
"381","DKI.DKI.RK_SagittalstratumL",2.45017085517754e-39,0.0955437209418836,2.21303631500364e-59,0.113358705043678
"382","DKI.DKI.RK_SLFL",0,0.315537523586752,1.06418364575566e-175,0.19841802301115
"383","DKI.DKI.RK_SLFTL",0,1.74840022840363,0,1.91417234671792
"384","DKI.DKI.RK_SuperiorcerebellarpeduncleL",1.70212659117744e-23,0.0726602862959062,1.07216098790561e-42,0.0954506658667897
"385","DKI.DKI.RK_SuperiorcoronaradiataL",1.67676308503896e-44,0.101927491687479,5.38966550705277e-36,0.0872630929374331
"386","DKI.DKI.RK_SuperiorfrontooccipitalfasciculusL",0,1.44747896502021,0,1.29516498865005
"387","DKI.DKI.RK_SuperiorlongitudinalfasciculusL",3.46887394479323e-245,0.24655895015871,0,0.383233767880549
"388","DKI.DKI.RK_TapetumL",0,1.08247085398351,0,0.922360747427125
"389","DKI.DKI.RK_UFL",0,0.553690060787695,0,0.567952436839927
"390","DKI.DKI.RK_UncinatefasciculusL",0,0.764274856914639,0,0.653571966460513
"391","DTI.DTI.AD_AnteriorcoronaradiataL",0,0.484264023564443,0,0.470688292701118
"392","DTI.DTI.AD_AnteriorlimbofinternalcapsuleL",0,0.945739569677572,0,0.703573380213584
"393","DTI.DTI.AD_ATRL",0,1.1400363918902,0,1.10436057707227
"394","DTI.DTI.AD_CerebralpeduncleL",0,0.652057905297014,0,0.762071801516952
"395","DTI.DTI.AD_CGL",0,1.31445290505062,0,1.4700997647836
"396","DTI.DTI.AD_CINGL",0,0.44070780511651,0,0.525820731139786
"397","DTI.DTI.AD_CingulumcingulategyrusL",0,1.41108622949081,0,1.43572677556717
"398","DTI.DTI.AD_CingulumhippocampusL",4.80634750491702e-188,0.214888143331706,0,0.27513195559552
"399","DTI.DTI.AD_CorticospinaltractL",0,0.456530168399774,0,0.407548821579705
"400","DTI.DTI.AD_CSTL",0,0.314405426593602,3.78090118126385e-53,0.107010012134349
"401","DTI.DTI.AD_ExternalcapsuleL",0,0.475731469686287,0,0.56837029949952
"402","DTI.DTI.AD_Fornix_StriaterminalisL",0,0.745998587298524,0,0.849762530451113
"403","DTI.DTI.AD_IFOFL",0,1.5270481156005,0,1.62951001489521
"404","DTI.DTI.AD_ILFL",0,1.80736987804293,0,1.75368824654466
"405","DTI.DTI.AD_InferiorcerebellarpeduncleL",0,0.573512181470282,0,0.376547342706249
"406","DTI.DTI.AD_MediallemniscusL",3.09014963801831e-17,0.0613920235529679,6.21572824023135e-10,0.0430258306165412
"407","DTI.DTI.AD_PosteriorcoronaradiataL",0,1.11052734352834,0,1.04558432639306
"408","DTI.DTI.AD_PosteriorlimbofinternalcapsuleL",0,0.313160741735549,0,0.589220204793225
"409","DTI.DTI.AD_PosteriorthalamicradiationL",1.96041996126868e-05,0.0310218360616892,1.96073190151172e-22,0.0678305994937719
"410","DTI.DTI.AD_RetrolenticularpartofinternalcapsuleL",0.118345005201281,0.0113456359166632,8.35886986504669e-285,0.254761934018932
"411","DTI.DTI.AD_SagittalstratumL",0,0.509723462177036,0,0.671392806863325
"412","DTI.DTI.AD_SLFL",0,0.61404951724785,0,0.669599472116709
"413","DTI.DTI.AD_SLFTL",0,2.08753240224883,0,2.39803912622448
"414","DTI.DTI.AD_SuperiorcerebellarpeduncleL",0,0.546397423514953,0,0.572631639018121
"415","DTI.DTI.AD_SuperiorcoronaradiataL",0,0.287046786731893,1.20672646446888e-15,0.0556966586893371
"416","DTI.DTI.AD_SuperiorfrontooccipitalfasciculusL",0,0.709786279328125,0,0.808962309281121
"417","DTI.DTI.AD_SuperiorlongitudinalfasciculusL",0,0.743079133428411,0,0.752821960988929
"418","DTI.DTI.AD_TapetumL",3.27892947999257e-269,0.258838914879327,1.0857950125557e-238,0.232453319749752
"419","DTI.DTI.AD_UFL",0,1.07371649047181,0,0.982014448016251
"420","DTI.DTI.AD_UncinatefasciculusL",0,0.897115132737222,0,0.691836751371583
"421","DTI.DTI.FA_AnteriorcoronaradiataL",0,0.934927522739299,0,0.908494888027801
"422","DTI.DTI.FA_AnteriorlimbofinternalcapsuleL",0,0.828225598707098,0,1.01339854770034
"423","DTI.DTI.FA_ATRL",0,1.07971046657835,0,0.773193728779116
"424","DTI.DTI.FA_CerebralpeduncleL",0.43374251829902,0.00568666161861725,7.38742873978663e-313,0.267528379266665
"425","DTI.DTI.FA_CGL",0,0.624329014031842,0,0.879049666082793
"426","DTI.DTI.FA_CINGL",0,0.574212984820347,0,0.617402760779504
"427","DTI.DTI.FA_CingulumcingulategyrusL",0,1.93395690819682,0,1.97568222912687
"428","DTI.DTI.FA_CingulumhippocampusL",8.05481477899601e-257,0.252571163909487,7.1400961530271e-82,0.133862056004697
"429","DTI.DTI.FA_CorticospinaltractL",3.70906604800783e-22,0.07039816731475,8.81627926458627e-106,0.152772595823114
"430","DTI.DTI.FA_CSTL",0,1.22699842496312,0,1.49192325554283
"431","DTI.DTI.FA_ExternalcapsuleL",0,0.832598899036083,0,0.882105264586468
"432","DTI.DTI.FA_Fornix_StriaterminalisL",1.02127341828788e-209,0.227366521584714,0,0.520886718695929
"433","DTI.DTI.FA_IFOFL",0,0.301466712172466,3.51051858018817e-44,0.0971740803916082
"434","DTI.DTI.FA_ILFL",0,3.44074955390548,0,3.90765103856922
"435","DTI.DTI.FA_InferiorcerebellarpeduncleL",8.43729639806387e-258,0.253071780435155,0,0.273342258152979
"436","DTI.DTI.FA_MediallemniscusL",0,0.287662890460966,3.02672055968764e-144,0.179236724506944
"437","DTI.DTI.FA_PosteriorcoronaradiataL",0,0.658880632729809,0,0.646403817370664
"438","DTI.DTI.FA_PosteriorlimbofinternalcapsuleL",0,0.390410081749301,0,0.593975619870946
"439","DTI.DTI.FA_PosteriorthalamicradiationL",7.62875412863099e-221,0.233538696431233,3.29369541166208e-231,0.228651893975715
"440","DTI.DTI.FA_RetrolenticularpartofinternalcapsuleL",0,0.497952048960383,0,0.868909305490601
"441","DTI.DTI.FA_SagittalstratumL",0,0.547924617274318,0,0.638089847296075
"442","DTI.DTI.FA_SLFL",0,0.817752103346934,0,1.19838864280112
"443","DTI.DTI.FA_SLFTL",0,1.40579268339995,0,1.62469909079029
"444","DTI.DTI.FA_SuperiorcerebellarpeduncleL",0,0.806793882023988,0,0.671451310873679
"445","DTI.DTI.FA_SuperiorcoronaradiataL",0,0.622500793142001,0,0.675528782183814
"446","DTI.DTI.FA_SuperiorfrontooccipitalfasciculusL",0,1.77316706694125,0,1.7800927364464
"447","DTI.DTI.FA_SuperiorlongitudinalfasciculusL",0,0.501428022724184,0,0.647380370874089
"448","DTI.DTI.FA_TapetumL",0,1.39675624858078,0,1.18074721825292
"449","DTI.DTI.FA_UFL",2.58024261208221e-221,0.233796630338942,0,0.344051221711378
"450","DTI.DTI.FA_UncinatefasciculusL",0,0.700936243685289,0,0.608488988309044
"451","DTI.DTI.MD_AnteriorcoronaradiataL",0,0.316767983613455,0,0.302201776838489
"452","DTI.DTI.MD_AnteriorlimbofinternalcapsuleL",0,0.397212273221028,2.29479239285532e-123,0.165367297301945
"453","DTI.DTI.MD_ATRL",0,0.362806183869175,0,0.423688090570477
"454","DTI.DTI.MD_CerebralpeduncleL",0,0.594965539043752,0,0.855261645044095
"455","DTI.DTI.MD_CGL",0,0.666539166936119,0,0.668203331057708
"456","DTI.DTI.MD_CINGL",1.99713800911725e-134,0.180697324166661,3.99170369300833e-315,0.268537098580347
"457","DTI.DTI.MD_CingulumcingulategyrusL",4.68286987743151e-08,0.0397008092388976,1.01133778450003e-19,0.0632539023476693
"458","DTI.DTI.MD_CingulumhippocampusL",0.000152174957056013,0.027519159497944,1.31103885780411e-164,0.191858067200752
"459","DTI.DTI.MD_CorticospinaltractL",0,0.302869075063073,8.20959715396817e-218,0.221699255246706
"460","DTI.DTI.MD_CSTL",0,0.383593180689906,0,0.879367331838847
"461","DTI.DTI.MD_ExternalcapsuleL",0,0.789744726600057,0,0.907203333238007
"462","DTI.DTI.MD_Fornix_StriaterminalisL",0,0.7545998759834,0,1.05630059812166
"463","DTI.DTI.MD_IFOFL",0,1.14689385418717,0,1.36834152534777
"464","DTI.DTI.MD_ILFL",3.67285581711547e-07,0.0369534751595942,1.86891565254315e-151,0.18379740074676
"465","DTI.DTI.MD_InferiorcerebellarpeduncleL",0,0.610036936833131,0,0.470554409062569
"466","DTI.DTI.MD_MediallemniscusL",5.67567452079478e-148,0.189872067375188,7.75558199206516e-57,0.11080923470187
"467","DTI.DTI.MD_PosteriorcoronaradiataL",0,0.677339231661404,0,0.657464937985975
"468","DTI.DTI.MD_PosteriorlimbofinternalcapsuleL",0,0.511989190253686,0,0.798913039461282
"469","DTI.DTI.MD_PosteriorthalamicradiationL",9.77002176039016e-26,0.076302665979914,8.92312354044418e-147,0.18084972395964
"470","DTI.DTI.MD_RetrolenticularpartofinternalcapsuleL",0,0.391412808434787,0,0.77485649507136
"471","DTI.DTI.MD_SagittalstratumL",0,0.762987489296157,0,1.03245397182908
"472","DTI.DTI.MD_SLFL",0,0.744886996094002,0,0.968263213356858
"473","DTI.DTI.MD_SLFTL",0,1.18498617486289,0,1.41790452359251
"474","DTI.DTI.MD_SuperiorcerebellarpeduncleL",0,0.872110395693185,0,0.824429144767692
"475","DTI.DTI.MD_SuperiorcoronaradiataL",7.6729192251334e-09,0.0419740774069324,9.2595915197344e-227,0.226364335540776
"476","DTI.DTI.MD_SuperiorfrontooccipitalfasciculusL",0,0.361675831941367,2.47101563158559e-258,0.242178846335131
"477","DTI.DTI.MD_SuperiorlongitudinalfasciculusL",0,0.9347772442772,0,1.07375428944951
"478","DTI.DTI.MD_TapetumL",0,0.293076773969202,2.54532140664961e-243,0.234778075691995
"479","DTI.DTI.MD_UFL",0,0.629684013943033,0,0.502540650977035
"480","DTI.DTI.MD_UncinatefasciculusL",5.41817337943454e-259,0.253679794235494,9.40978844398206e-76,0.128595541799103
"481","DTI.DTI.RD_AnteriorcoronaradiataL",0,0.774199448838465,0,0.755732145987767
"482","DTI.DTI.RD_AnteriorlimbofinternalcapsuleL",0.0338303347904342,0.0154166619801108,3.85725535975687e-197,0.21056511787264
"483","DTI.DTI.RD_ATRL",1.22581288477038e-181,0.211071682673431,7.99519074755285e-48,0.10128107808375
"484","DTI.DTI.RD_CerebralpeduncleL",0,0.341986220946209,0,0.653519774809423
"485","DTI.DTI.RD_CGL",0.0402813090587192,0.0148990870726369,4.12649076909309e-145,0.179789875999243
"486","DTI.DTI.RD_CINGL",0.0437614479633736,0.0146485400202683,9.27985801841119e-09,0.0399521480791649
"487","DTI.DTI.RD_CingulumcingulategyrusL",0,1.29090218768326,0,1.58898967851212
"488","DTI.DTI.RD_CingulumhippocampusL",4.27256998114707e-55,0.113939080679713,8.7604394286996e-11,0.0451292883672436
"489","DTI.DTI.RD_CorticospinaltractL",4.05505200414991e-84,0.141876226278139,1.66162549349426e-18,0.0610951737817677
"490","DTI.DTI.RD_CSTL",0,0.795053965037208,0,1.21160519541122
"491","DTI.DTI.RD_ExternalcapsuleL",0,0.905795305827571,0,1.01794754854677
"492","DTI.DTI.RD_Fornix_StriaterminalisL",0,0.63462567446972,0,0.959947437479615
"493","DTI.DTI.RD_IFOFL",0,0.7433481567725,0,0.992591721269629
"494","DTI.DTI.RD_ILFL",0,1.06962410348759,0,1.39959750290921
"495","DTI.DTI.RD_InferiorcerebellarpeduncleL",0,0.541171442915407,0,0.456601721424304
"496","DTI.DTI.RD_MediallemniscusL",1.97041495617595e-276,0.262431361886021,1.70075958119862e-105,0.152560096035949
"497","DTI.DTI.RD_PosteriorcoronaradiataL",1.6904398924732e-239,0.243572053911562,3.59909977749103e-243,0.234702856994003
"498","DTI.DTI.RD_PosteriorlimbofinternalcapsuleL",0,0.478564163019072,0,0.705862687903653
"499","DTI.DTI.RD_PosteriorthalamicradiationL",1.45410068584721e-69,0.128597503092178,1.97920559732462e-201,0.212919151445873
"500","DTI.DTI.RD_RetrolenticularpartofinternalcapsuleL",0,0.564487236803792,0,0.962042892396083
"501","DTI.DTI.RD_SagittalstratumL",0,0.747545269486248,0,0.984815061134138
"502","DTI.DTI.RD_SLFL",0,0.756754951288995,0,1.06390149395205
"503","DTI.DTI.RD_SLFTL",3.35958716658892e-155,0.194602662748019,1.29041032339022e-292,0.258371892174732
"504","DTI.DTI.RD_SuperiorcerebellarpeduncleL",0,0.973640165792501,0,0.88985338728576
"505","DTI.DTI.RD_SuperiorcoronaradiataL",1.52230367168623e-136,0.182160107452422,0,0.367595933368531
"506","DTI.DTI.RD_SuperiorfrontooccipitalfasciculusL",0,0.983840131810155,0,0.886237774120088
"507","DTI.DTI.RD_SuperiorlongitudinalfasciculusL",0,0.791728155704423,0,0.96741655363878
"508","DTI.DTI.RD_TapetumL",0,0.651961243267859,0,0.556483816567759
"509","DTI.DTI.RD_UFL",2.03876783073374e-295,0.271678933743862,4.8410924072929e-67,0.120719047148778
"510","DTI.DTI.RD_UncinatefasciculusL",8.15369459467511e-276,0.262126188367982,0,0.27632378058554
"511","SMT_mc.SMT_mc.smt_mc_diff_AnteriorcoronaradiataL",0,0.404987952985531,0,0.397476004645167
"512","SMT_mc.SMT_mc.smt_mc_diff_AnteriorlimbofinternalcapsuleL",0.434771967320221,0.00567393706274951,3.87299871763858e-96,0.145428473459848
"513","SMT_mc.SMT_mc.smt_mc_diff_ATRL",5.69023290958715e-11,0.0476209699764029,4.90251796312808e-22,0.0671780128619483
"514","SMT_mc.SMT_mc.smt_mc_diff_CerebralpeduncleL",0,0.470086381620875,0,0.406774509589456
"515","SMT_mc.SMT_mc.smt_mc_diff_CGL",0,0.72058830962007,0,0.82560220973017
"516","SMT_mc.SMT_mc.smt_mc_diff_CINGL",0,1.26398963578959,0,1.56203020193207
"517","SMT_mc.SMT_mc.smt_mc_diff_CingulumcingulategyrusL",0,0.494297464276504,0,0.519207193855867
"518","SMT_mc.SMT_mc.smt_mc_diff_CingulumhippocampusL",0,0.343607007099954,0,0.480855315219194
"519","SMT_mc.SMT_mc.smt_mc_diff_CorticospinaltractL",0,0.545420375163329,0,0.47927140369994
"520","SMT_mc.SMT_mc.smt_mc_diff_CSTL",0,0.645826007421502,3.03082050959339e-256,0.241161318458754
"521","SMT_mc.SMT_mc.smt_mc_diff_ExternalcapsuleL",0,0.952045338307675,0,1.04581821677735
"522","SMT_mc.SMT_mc.smt_mc_diff_Fornix_StriaterminalisL",2.90562146252805e-201,0.222574240459176,0,0.47610224995275
"523","SMT_mc.SMT_mc.smt_mc_diff_IFOFL",0,1.0119319599586,0,1.33679837673437
"524","SMT_mc.SMT_mc.smt_mc_diff_ILFL",0,0.32679111767884,1.83906679789101e-80,0.13266571448313
"525","SMT_mc.SMT_mc.smt_mc_diff_InferiorcerebellarpeduncleL",0,0.525365953003181,0,0.342352943801468
"526","SMT_mc.SMT_mc.smt_mc_diff_MediallemniscusL",0,0.641344683035734,0,0.583610646496235
"527","SMT_mc.SMT_mc.smt_mc_diff_PosteriorcoronaradiataL",0,0.360002315959587,0,0.395676671957413
"528","SMT_mc.SMT_mc.smt_mc_diff_PosteriorlimbofinternalcapsuleL",0,0.557119815096219,0,0.326474217008901
"529","SMT_mc.SMT_mc.smt_mc_diff_PosteriorthalamicradiationL",0,0.415574868686463,0,0.647852643297025
"530","SMT_mc.SMT_mc.smt_mc_diff_RetrolenticularpartofinternalcapsuleL",0,0.334262504838749,8.0729686707772e-78,0.1303967769194
"531","SMT_mc.SMT_mc.smt_mc_diff_SagittalstratumL",0,0.72916810993982,0,0.970790603677834
"532","SMT_mc.SMT_mc.smt_mc_diff_SLFL",0,0.653587907262787,0,0.746614832501453
"533","SMT_mc.SMT_mc.smt_mc_diff_SLFTL",0,1.67639431640504,0,2.05708355151365
"534","SMT_mc.SMT_mc.smt_mc_diff_SuperiorcerebellarpeduncleL",0,0.777952180094485,0,0.642226070011128
"535","SMT_mc.SMT_mc.smt_mc_diff_SuperiorcoronaradiataL",1.86974570565096e-196,0.219806451028635,0,0.323230196195392
"536","SMT_mc.SMT_mc.smt_mc_diff_SuperiorfrontooccipitalfasciculusL",0,0.424287893160241,0,0.507687694987352
"537","SMT_mc.SMT_mc.smt_mc_diff_SuperiorlongitudinalfasciculusL",0,0.681779682424165,0,0.674199988414082
"538","SMT_mc.SMT_mc.smt_mc_diff_TapetumL",1.44619204511483e-14,0.0559230914842845,9.63490525259303e-64,0.117603785428718
"539","SMT_mc.SMT_mc.smt_mc_diff_UFL",0,0.520008447603291,0,0.822943239215785
"540","SMT_mc.SMT_mc.smt_mc_diff_UncinatefasciculusL",0,0.95205654883659,0,0.781692123703571
"541","SMT_mc.SMT_mc.smt_mc_extramd_AnteriorcoronaradiataL",0,0.486808843713493,0,0.457256779341639
"542","SMT_mc.SMT_mc.smt_mc_extramd_AnteriorlimbofinternalcapsuleL",0,0.394260169340234,6.6679106500165e-163,0.190830271126836
"543","SMT_mc.SMT_mc.smt_mc_extramd_ATRL",3.3058682358831e-149,0.19068790286521,0,0.282351997705895
"544","SMT_mc.SMT_mc.smt_mc_extramd_CerebralpeduncleL",0,1.1743881999474,0,1.40586757537768
"545","SMT_mc.SMT_mc.smt_mc_extramd_CGL",0,0.679009434020641,0,0.702951943447072
"546","SMT_mc.SMT_mc.smt_mc_extramd_CINGL",0,0.603500919798808,0,0.778844098354157
"547","SMT_mc.SMT_mc.smt_mc_extramd_CingulumcingulategyrusL",3.29655756582642e-17,0.0613369616879315,0.497940239907859,0.00471259691576662
"548","SMT_mc.SMT_mc.smt_mc_extramd_CingulumhippocampusL",7.39637703291097e-256,0.252078325363882,0,0.424427826722646
"549","SMT_mc.SMT_mc.smt_mc_extramd_CorticospinaltractL",1.10343110146617e-81,0.13973918287907,1.03665107855446e-70,0.124095415850305
"550","SMT_mc.SMT_mc.smt_mc_extramd_CSTL",0,0.672718427355816,0,1.16911777028665
"551","SMT_mc.SMT_mc.smt_mc_extramd_ExternalcapsuleL",0,1.00374541955801,0,1.11768342245225
"552","SMT_mc.SMT_mc.smt_mc_extramd_Fornix_StriaterminalisL",0,0.689452679155731,0,0.953172346329037
"553","SMT_mc.SMT_mc.smt_mc_extramd_IFOFL",0,1.26155607472808,0,1.54216956150413
"554","SMT_mc.SMT_mc.smt_mc_extramd_ILFL",2.21605770264298e-07,0.0376447500765403,2.53123896399282e-233,0.229731875376004
"555","SMT_mc.SMT_mc.smt_mc_extramd_InferiorcerebellarpeduncleL",0,0.638325656991129,0,0.447360149167219
"556","SMT_mc.SMT_mc.smt_mc_extramd_MediallemniscusL",0,0.395563373859901,0,0.286575400577233
"557","SMT_mc.SMT_mc.smt_mc_extramd_PosteriorcoronaradiataL",0,0.746002418528773,0,0.763028339929083
"558","SMT_mc.SMT_mc.smt_mc_extramd_PosteriorlimbofinternalcapsuleL",0,0.684298160852263,0,0.970919560239702
"559","SMT_mc.SMT_mc.smt_mc_extramd_PosteriorthalamicradiationL",7.15971745141465e-312,0.279479737717884,0,0.482128402456915
"560","SMT_mc.SMT_mc.smt_mc_extramd_RetrolenticularpartofinternalcapsuleL",6.2097377711117e-158,0.196364072502063,0,0.646267396924498
"561","SMT_mc.SMT_mc.smt_mc_extramd_SagittalstratumL",0,0.92356124163509,0,1.24616358433775
"562","SMT_mc.SMT_mc.smt_mc_extramd_SLFL",0,0.826131896089828,0,1.00069473920041
"563","SMT_mc.SMT_mc.smt_mc_extramd_SLFTL",0,1.56645803686904,0,1.93434370149682
"564","SMT_mc.SMT_mc.smt_mc_extramd_SuperiorcerebellarpeduncleL",0,0.889405248549558,0,0.882556062287225
"565","SMT_mc.SMT_mc.smt_mc_extramd_SuperiorcoronaradiataL",3.03881447141697e-22,0.070546610647813,0,0.325064962818901
"566","SMT_mc.SMT_mc.smt_mc_extramd_SuperiorfrontooccipitalfasciculusL",0,0.397840010012662,3.61515509467402e-290,0.257245623124419
"567","SMT_mc.SMT_mc.smt_mc_extramd_SuperiorlongitudinalfasciculusL",0,1.07675755190469,0,1.17462128474349
"568","SMT_mc.SMT_mc.smt_mc_extramd_TapetumL",0,0.348993085924783,0,0.340022998461005
"569","SMT_mc.SMT_mc.smt_mc_extramd_UFL",1.08284921120002e-219,0.2329064085216,0.333196743111617,0.00672886588725811
"570","SMT_mc.SMT_mc.smt_mc_extramd_UncinatefasciculusL",0,0.791242831327789,0,0.63927896617031
"571","SMT_mc.SMT_mc.smt_mc_extratrans_AnteriorcoronaradiataL",0,0.291849608911105,2.15753128978678e-292,0.258269342142533
"572","SMT_mc.SMT_mc.smt_mc_extratrans_AnteriorlimbofinternalcapsuleL",0,0.745426611657467,0,0.559668734346968
"573","SMT_mc.SMT_mc.smt_mc_extratrans_ATRL",6.25881924573427e-278,0.263171280506998,0,0.423450302853909
"574","SMT_mc.SMT_mc.smt_mc_extratrans_CerebralpeduncleL",0,1.7447671347724,0,1.95675248134808
"575","SMT_mc.SMT_mc.smt_mc_extratrans_CGL",9.37772784039258e-212,0.228507692104747,5.63364250275284e-23,0.0687090177758628
"576","SMT_mc.SMT_mc.smt_mc_extratrans_CINGL",2.83126451268507e-144,0.18740898075249,4.82014306871502e-234,0.230098741304458
"577","SMT_mc.SMT_mc.smt_mc_extratrans_CingulumcingulategyrusL",0,0.893337296132148,0,0.970691607320563
"578","SMT_mc.SMT_mc.smt_mc_extratrans_CingulumhippocampusL",5.48632033040621e-29,0.0813041890942078,5.26026345102603e-307,0.264909292509789
"579","SMT_mc.SMT_mc.smt_mc_extratrans_CorticospinaltractL",5.05277716276495e-130,0.177620231164392,2.89454552286771e-141,0.177319201169519
"580","SMT_mc.SMT_mc.smt_mc_extratrans_CSTL",0,1.5732472144816,0,1.81227140062352
"581","SMT_mc.SMT_mc.smt_mc_extratrans_ExternalcapsuleL",0,0.872795363279807,0,0.980898569595014
"582","SMT_mc.SMT_mc.smt_mc_extratrans_Fornix_StriaterminalisL",0,1.08922880292918,0,1.28762673716923
"583","SMT_mc.SMT_mc.smt_mc_extratrans_IFOFL",0,1.09682557642967,0,1.21822898339481
"584","SMT_mc.SMT_mc.smt_mc_extratrans_ILFL",0,0.364132962129829,0,0.649826772243533
"585","SMT_mc.SMT_mc.smt_mc_extratrans_InferiorcerebellarpeduncleL",0,0.467548741817594,0,0.344252148238061
"586","SMT_mc.SMT_mc.smt_mc_extratrans_MediallemniscusL",7.53232181297507e-98,0.153396183547968,2.9094843894847e-175,0.198163457703509
"587","SMT_mc.SMT_mc.smt_mc_extratrans_PosteriorcoronaradiataL",0,0.749417357288532,0,0.749459437145043
"588","SMT_mc.SMT_mc.smt_mc_extratrans_PosteriorlimbofinternalcapsuleL",0,1.69267499018688,0,1.84584477974867
"589","SMT_mc.SMT_mc.smt_mc_extratrans_PosteriorthalamicradiationL",0.407430328988253,0.00601807798000295,2.02148494923308e-22,0.067808968354715
"590","SMT_mc.SMT_mc.smt_mc_extratrans_RetrolenticularpartofinternalcapsuleL",0,0.926086806451798,0,1.17107522883299
"591","SMT_mc.SMT_mc.smt_mc_extratrans_SagittalstratumL",0,0.84825602187809,0,1.09873157070923
"592","SMT_mc.SMT_mc.smt_mc_extratrans_SLFL",0,0.609978677652389,0,0.821315606220635
"593","SMT_mc.SMT_mc.smt_mc_extratrans_SLFTL",0,0.456499133247256,0,0.491473523549008
"594","SMT_mc.SMT_mc.smt_mc_extratrans_SuperiorcerebellarpeduncleL",0,0.432564504620574,0,0.578158793695835
"595","SMT_mc.SMT_mc.smt_mc_extratrans_SuperiorcoronaradiataL",8.40211734644826e-85,0.142470737286982,1.3015461612798e-21,0.0664758909504855
"596","SMT_mc.SMT_mc.smt_mc_extratrans_SuperiorfrontooccipitalfasciculusL",0,0.933991488979111,0,0.826476078753066
"597","SMT_mc.SMT_mc.smt_mc_extratrans_SuperiorlongitudinalfasciculusL",0,0.822089089818274,0,1.00090211810867
"598","SMT_mc.SMT_mc.smt_mc_extratrans_TapetumL",0,0.465896475458194,0,0.412662477620589
"599","SMT_mc.SMT_mc.smt_mc_extratrans_UFL",0,1.04871090746527,0,0.963990728606019
"600","SMT_mc.SMT_mc.smt_mc_extratrans_UncinatefasciculusL",9.91549510149304e-281,0.264549509894155,6.66178791847703e-161,0.189619286869793
"601","SMT_mc.SMT_mc.smt_mc_intra_AnteriorcoronaradiataL",3.94591370063462e-26,0.0769253082977435,8.58918274799044e-53,0.106635962445196
"602","SMT_mc.SMT_mc.smt_mc_intra_AnteriorlimbofinternalcapsuleL",4.39372879592541e-215,0.230361833169529,7.6161643853536e-167,0.193197128966158
"603","SMT_mc.SMT_mc.smt_mc_intra_ATRL",1.53118996637469e-125,0.174436287376199,7.27962171779475e-285,0.25478985091444
"604","SMT_mc.SMT_mc.smt_mc_intra_CerebralpeduncleL",0,1.5555916358608,0,1.61420031277348
"605","SMT_mc.SMT_mc.smt_mc_intra_CGL",0,0.505552156587471,0,0.642836874710932
"606","SMT_mc.SMT_mc.smt_mc_intra_CINGL",0,1.62074374160137,0,1.88830122202384
"607","SMT_mc.SMT_mc.smt_mc_intra_CingulumcingulategyrusL",0,0.94621431900126,0,0.955830796250143
"608","SMT_mc.SMT_mc.smt_mc_intra_CingulumhippocampusL",0,0.433609821296093,0,0.498222594170792
"609","SMT_mc.SMT_mc.smt_mc_intra_CorticospinaltractL",0,0.328044700091362,0,0.337782084016491
"610","SMT_mc.SMT_mc.smt_mc_intra_CSTL",0,1.41209683552943,0,1.3723770137147
"611","SMT_mc.SMT_mc.smt_mc_intra_ExternalcapsuleL",0,0.580707555850792,0,0.637730168218231
"612","SMT_mc.SMT_mc.smt_mc_intra_Fornix_StriaterminalisL",0,0.485863135325832,0,0.292096246067048
"613","SMT_mc.SMT_mc.smt_mc_intra_IFOFL",0,0.366989278075383,0,0.60703910859635
"614","SMT_mc.SMT_mc.smt_mc_intra_ILFL",0,0.706769564361648,0,0.726426804064806
"615","SMT_mc.SMT_mc.smt_mc_intra_InferiorcerebellarpeduncleL",3.69080719418636e-26,0.0769710145112012,4.35975350621709e-81,0.13319705921379
"616","SMT_mc.SMT_mc.smt_mc_intra_MediallemniscusL",0,0.582572410180896,0,0.636784200545747
"617","SMT_mc.SMT_mc.smt_mc_intra_PosteriorcoronaradiataL",0,0.503011681433099,0,0.422395829886502
"618","SMT_mc.SMT_mc.smt_mc_intra_PosteriorlimbofinternalcapsuleL",0,1.46168919590001,0,1.49016834150531
"619","SMT_mc.SMT_mc.smt_mc_intra_PosteriorthalamicradiationL",0,0.302861538043935,0,0.409691010758553
"620","SMT_mc.SMT_mc.smt_mc_intra_RetrolenticularpartofinternalcapsuleL",0,0.934952061056386,0,0.699768390229551
"621","SMT_mc.SMT_mc.smt_mc_intra_SagittalstratumL",4.09169175337619e-77,0.135641892280144,6.74896385161693e-178,0.199694342252949
"622","SMT_mc.SMT_mc.smt_mc_intra_SLFL",0.000287306322333637,0.0263488873182899,0.0810002561350354,0.0121335504494138
"623","SMT_mc.SMT_mc.smt_mc_intra_SLFTL",0,1.30930258457906,0,1.53016905232097
"624","SMT_mc.SMT_mc.smt_mc_intra_SuperiorcerebellarpeduncleL",0.103007561520089,0.0118446547398201,1.36314733828989e-55,0.109541026493726
"625","SMT_mc.SMT_mc.smt_mc_intra_SuperiorcoronaradiataL",6.09327261219358e-183,0.211853305364195,5.46697901854413e-47,0.100354119043873
"626","SMT_mc.SMT_mc.smt_mc_intra_SuperiorfrontooccipitalfasciculusL",0,0.924285441102641,0,0.83722157396844
"627","SMT_mc.SMT_mc.smt_mc_intra_SuperiorlongitudinalfasciculusL",9.41797032487393e-258,0.253047402583946,0,0.360929368107107
"628","SMT_mc.SMT_mc.smt_mc_intra_TapetumL",0,0.605186529789587,0,0.477706415580282
"629","SMT_mc.SMT_mc.smt_mc_intra_UFL",0,1.34637598759818,0,1.59446370284088
"630","SMT_mc.SMT_mc.smt_mc_intra_UncinatefasciculusL",0,1.05097623479339,0,0.911743351211984
"631","SMT.SMT.smt_fa_AnteriorcoronaradiataL",5.01217805577719e-61,0.120156402162712,3.06830872066441e-146,0.18050894015991
"632","SMT.SMT.smt_fa_AnteriorlimbofinternalcapsuleL",6.98414341421878e-190,0.215971537164194,1.94082313471483e-191,0.207398573414087
"633","SMT.SMT.smt_fa_ATRL",0,0.294418208131049,0,0.32167704410328
"634","SMT.SMT.smt_fa_CerebralpeduncleL",0,1.00236003038973,0,0.927625971185786
"635","SMT.SMT.smt_fa_CGL",0,0.341940897859101,0,0.494107993200591
"636","SMT.SMT.smt_fa_CINGL",0,1.07733055761197,0,1.30701449934705
"637","SMT.SMT.smt_fa_CingulumcingulategyrusL",0,0.594471809170943,0,0.750858997029191
"638","SMT.SMT.smt_fa_CingulumhippocampusL",0,0.331440041410594,0,0.448019846076501
"639","SMT.SMT.smt_fa_CorticospinaltractL",8.43346985449207e-114,0.165823539904113,7.22022072118519e-153,0.184678973237666
"640","SMT.SMT.smt_fa_CSTL",0,1.01615454365055,0,0.937399576717296
"641","SMT.SMT.smt_fa_ExternalcapsuleL",0,0.698973317604122,0,0.789786268764024
"642","SMT.SMT.smt_fa_Fornix_StriaterminalisL",0,0.447044184110259,3.10246042485824e-257,0.241644012014496
"643","SMT.SMT.smt_fa_IFOFL",0,0.718729546851308,0,0.944114985571826
"644","SMT.SMT.smt_fa_ILFL",1.97626258336499e-323,0.28489169038911,2.00178603778843e-233,0.229783817229026
"645","SMT.SMT.smt_fa_InferiorcerebellarpeduncleL",4.64536787413693e-36,0.091268050546159,3.69690697998184e-151,0.183612075906359
"646","SMT.SMT.smt_fa_MediallemniscusL",0,0.419539354987584,0,0.388165461314965
"647","SMT.SMT.smt_fa_PosteriorcoronaradiataL",4.85541038877453e-183,0.211912333720635,2.14242839417301e-138,0.175454753214515
"648","SMT.SMT.smt_fa_PosteriorlimbofinternalcapsuleL",0,0.998863998841639,0,0.894215742166703
"649","SMT.SMT.smt_fa_PosteriorthalamicradiationL",0,0.320757928352686,0,0.538430679339994
"650","SMT.SMT.smt_fa_RetrolenticularpartofinternalcapsuleL",0,0.579490837131399,0,0.317323608677746
"651","SMT.SMT.smt_fa_SagittalstratumL",0,0.365321424256189,0,0.603675880884645
"652","SMT.SMT.smt_fa_SLFL",5.59114501266842e-119,0.169672970268466,1.1767707438158e-259,0.242821007012147
"653","SMT.SMT.smt_fa_SLFTL",0,1.14375721553364,0,1.41611817451831
"654","SMT.SMT.smt_fa_SuperiorcerebellarpeduncleL",5.77900781618636e-207,0.22581618976158,0,0.289394235758744
"655","SMT.SMT.smt_fa_SuperiorcoronaradiataL",1.3328019374797e-102,0.157195836811905,3.65656832292647e-62,0.11608391782424
"656","SMT.SMT.smt_fa_SuperiorfrontooccipitalfasciculusL",0,0.595021302520358,0,0.638364703579265
"657","SMT.SMT.smt_fa_SuperiorlongitudinalfasciculusL",0.00268065971710579,0.0218115971476694,2.88018595147356e-30,0.0796200781972845
"658","SMT.SMT.smt_fa_TapetumL",0,0.309208343569969,2.26934371451728e-278,0.251754632912867
"659","SMT.SMT.smt_fa_UFL",0,0.609645880939686,0,0.740146058130099
"660","SMT.SMT.smt_fa_UncinatefasciculusL",0,0.94770222575759,0,0.84208293326733
"661","SMT.SMT.smt_long_AnteriorcoronaradiataL",0,0.473841723320791,0,0.478376132381591
"662","SMT.SMT.smt_long_AnteriorlimbofinternalcapsuleL",4.34656605137689e-167,0.202160698784418,0.241150768387308,0.00815034571591871
"663","SMT.SMT.smt_long_ATRL",4.95491576638279e-115,0.166746159420765,6.14924713822092e-49,0.102505220188094
"664","SMT.SMT.smt_long_CerebralpeduncleL",9.31017318863743e-130,0.177433145121674,0.324274662661645,0.00685414749091282
"665","SMT.SMT.smt_long_CGL",0,0.422687966023314,0,0.479245055694959
"666","SMT.SMT.smt_long_CINGL",0,1.1412419357469,0,1.39040315197527
"667","SMT.SMT.smt_long_CingulumcingulategyrusL",2.23646374838973e-28,0.0803882468968485,6.53070932772745e-63,0.11680629336255
"668","SMT.SMT.smt_long_CingulumhippocampusL",0,0.300814140092046,0,0.476216571181188
"669","SMT.SMT.smt_long_CorticospinaltractL",0,0.484894028656627,0,0.400626238333432
"670","SMT.SMT.smt_long_CSTL",5.3956197201801e-05,0.0293385542556874,0,0.466440303614856
"671","SMT.SMT.smt_long_ExternalcapsuleL",0,1.07676380483777,0,1.19234391832404
"672","SMT.SMT.smt_long_Fornix_StriaterminalisL",0,0.347786783137254,0,0.674748195393295
"673","SMT.SMT.smt_long_IFOFL",0,1.41335514193595,0,1.70479366121584
"674","SMT.SMT.smt_long_ILFL",5.35669704542975e-13,0.0524555930443296,0,0.325370262926862
"675","SMT.SMT.smt_long_InferiorcerebellarpeduncleL",0,0.641326853583911,0,0.408459008794077
"676","SMT.SMT.smt_long_MediallemniscusL",0,0.534487415492109,0,0.412565059653254
"677","SMT.SMT.smt_long_PosteriorcoronaradiataL",0,1.0157240418641,0,0.945142633048801
"678","SMT.SMT.smt_long_PosteriorlimbofinternalcapsuleL",5.86477681866054e-146,0.188534159269152,1.0664117043178e-37,0.0894136757655116
"679","SMT.SMT.smt_long_PosteriorthalamicradiationL",0,0.587808456960034,0,0.833656870368781
"680","SMT.SMT.smt_long_RetrolenticularpartofinternalcapsuleL",8.40742548758008e-32,0.0854049748633997,0,0.579946986015857
"681","SMT.SMT.smt_long_SagittalstratumL",0,1.13721434708715,0,1.49555930150981
"682","SMT.SMT.smt_long_SLFL",0,0.83744449604095,0,1.00511756025284
"683","SMT.SMT.smt_long_SLFTL",0,1.60430400410208,0,2.03722951232958
"684","SMT.SMT.smt_long_SuperiorcerebellarpeduncleL",0,0.686106170944229,0,0.597428808945206
"685","SMT.SMT.smt_long_SuperiorcoronaradiataL",2.61591191081696e-55,0.114168104664345,0,0.334317483835899
"686","SMT.SMT.smt_long_SuperiorfrontooccipitalfasciculusL",3.9124072676313e-95,0.151184299257614,0.416889304204723,0.0056450387676794
"687","SMT.SMT.smt_long_SuperiorlongitudinalfasciculusL",0,1.09887498438401,0,1.16355110170921
"688","SMT.SMT.smt_long_TapetumL",0,0.708637180929321,0,0.734431095608599
"689","SMT.SMT.smt_long_UFL",3.77281928113108e-249,0.24862158092444,9.96839412927234e-09,0.0398677287592929
"690","SMT.SMT.smt_long_UncinatefasciculusL",0,0.879241465148242,0,0.722083894147349
"691","SMT.SMT.smt_md_AnteriorcoronaradiataL",0,0.440239154176249,0,0.435440325424543
"692","SMT.SMT.smt_md_AnteriorlimbofinternalcapsuleL",5.18171068395804e-231,0.2390540735464,0.409516358733838,0.00573484604706283
"693","SMT.SMT.smt_md_ATRL",0.126988683504561,0.0110864679714143,2.8855178658526e-16,0.0569111970347981
"694","SMT.SMT.smt_md_CerebralpeduncleL",3.95772984292553e-76,0.134742493972203,0,0.358374932237549
"695","SMT.SMT.smt_md_CGL",0,0.38987342577098,0,0.406014641601098
"696","SMT.SMT.smt_md_CINGL",0,0.630806068400524,0,0.818331517857264
"697","SMT.SMT.smt_md_CingulumcingulategyrusL",2.79329359576831e-134,0.180596280627607,1.09487645882062e-124,0.166277226226946
"698","SMT.SMT.smt_md_CingulumhippocampusL",4.75342319839007e-166,0.201510648206195,0,0.38935735833562
"699","SMT.SMT.smt_md_CorticospinaltractL",0,0.397574182364236,0,0.313320049488816
"700","SMT.SMT.smt_md_CSTL",0,0.342073441258346,0,0.861466586209347
"701","SMT.SMT.smt_md_ExternalcapsuleL",0,1.05310769177608,0,1.1699120553432
"702","SMT.SMT.smt_md_Fornix_StriaterminalisL",0,0.577896680602344,0,0.914018762459049
"703","SMT.SMT.smt_md_IFOFL",0,1.38168007300855,0,1.65691933465389
"704","SMT.SMT.smt_md_ILFL",2.19982172526436e-140,0.184784819185716,0,0.481652551193773
"705","SMT.SMT.smt_md_InferiorcerebellarpeduncleL",0,0.693065112064496,0,0.489166557602846
"706","SMT.SMT.smt_md_MediallemniscusL",0,0.453597786167525,0,0.308802542410458
"707","SMT.SMT.smt_md_PosteriorcoronaradiataL",0,0.906443830918437,0,0.899728545471521
"708","SMT.SMT.smt_md_PosteriorlimbofinternalcapsuleL",1.7211196153051e-08,0.0409734500099193,0,0.332102583453628
"709","SMT.SMT.smt_md_PosteriorthalamicradiationL",0,0.387484277791249,0,0.626482211858802
"710","SMT.SMT.smt_md_RetrolenticularpartofinternalcapsuleL",7.46551392937127e-291,0.26948105959414,0,0.73668661189221
"711","SMT.SMT.smt_md_SagittalstratumL",0,1.1158421660799,0,1.47354671197663
"712","SMT.SMT.smt_md_SLFL",0,0.855398493860427,0,1.05767531962138
"713","SMT.SMT.smt_md_SLFTL",0,1.37177097471638,0,1.73116532424167
"714","SMT.SMT.smt_md_SuperiorcerebellarpeduncleL",0,0.82396931717397,0,0.766312538474768
"715","SMT.SMT.smt_md_SuperiorcoronaradiataL",1.05270590939986e-12,0.0517823020115798,0,0.300887303044304
"716","SMT.SMT.smt_md_SuperiorfrontooccipitalfasciculusL",0,0.402987471837113,1.84355643951034e-270,0.248013536849807
"717","SMT.SMT.smt_md_SuperiorlongitudinalfasciculusL",0,1.12479761602254,0,1.23383529517752
"718","SMT.SMT.smt_md_TapetumL",0,0.609960068222662,0,0.604195047667903
"719","SMT.SMT.smt_md_UFL",0,0.595907471495454,0,0.365292889985147
"720","SMT.SMT.smt_md_UncinatefasciculusL",0,0.675059370790469,0,0.537703642008238
"721","SMT.SMT.smt_trans_AnteriorcoronaradiataL",0.0242846428787291,0.0163649046045112,0.000107859455662761,0.0269298826114935
"722","SMT.SMT.smt_trans_AnteriorlimbofinternalcapsuleL",1.00471955428698e-52,0.111359406588051,6.3475752288975e-12,0.0478085655636085
"723","SMT.SMT.smt_trans_ATRL",0,0.34974352246154,0,0.443650906884731
"724","SMT.SMT.smt_trans_CerebralpeduncleL",0,1.34801984664837,0,1.53510334012933
"725","SMT.SMT.smt_trans_CGL",4.81550147480817e-27,0.0783513428842282,0,0.283783188518958
"726","SMT.SMT.smt_trans_CINGL",0,0.865560228150183,0,1.11991930441577
"727","SMT.SMT.smt_trans_CingulumcingulategyrusL",0,0.553936338645015,0,0.98535536102244
"728","SMT.SMT.smt_trans_CingulumhippocampusL",0,0.371823698087262,0,0.440275128960687
"729","SMT.SMT.smt_trans_CorticospinaltractL",2.6186266094624e-43,0.100487131173826,1.61880521235268e-72,0.12572552017532
"730","SMT.SMT.smt_trans_CSTL",0,1.28072300079275,0,1.37799080482381
"731","SMT.SMT.smt_trans_ExternalcapsuleL",4.53730591618285e-313,0.280040460457055,0,0.324132180656105
"732","SMT.SMT.smt_trans_Fornix_StriaterminalisL",0,0.655628325483544,0,0.810054924954071
"733","SMT.SMT.smt_trans_IFOFL",0.00429249887945318,0.0207481627570647,9.44816450798523e-132,0.171064246601316
"734","SMT.SMT.smt_trans_ILFL",0,0.444548146642296,0,0.515801346586247
"735","SMT.SMT.smt_trans_InferiorcerebellarpeduncleL",4.27310909353271e-253,0.250660169897476,0,0.277272639746441
"736","SMT.SMT.smt_trans_MediallemniscusL",0,0.309070004011743,0,0.327688207063025
"737","SMT.SMT.smt_trans_PosteriorcoronaradiataL",0,0.330539885161795,0,0.321649861372055
"738","SMT.SMT.smt_trans_PosteriorlimbofinternalcapsuleL",0,1.42719660988566,0,1.08359666637794
"739","SMT.SMT.smt_trans_PosteriorthalamicradiationL",1.45887514867337e-133,0.180097669325987,0,0.305625214153599
"740","SMT.SMT.smt_trans_RetrolenticularpartofinternalcapsuleL",0,0.757245768638524,0,0.709887866014336
"741","SMT.SMT.smt_trans_SagittalstratumL",4.81909581952356e-17,0.0610126454863051,2.3523788876134e-08,0.038841565198099
"742","SMT.SMT.smt_trans_SLFL",1.88759165432128e-110,0.163287895744416,2.03088891367276e-204,0.214545343501814
"743","SMT.SMT.smt_trans_SLFTL",0,1.01502622835301,0,1.10008449967855
"744","SMT.SMT.smt_trans_SuperiorcerebellarpeduncleL",0,0.393584216989724,0,0.501294774362957
"745","SMT.SMT.smt_trans_SuperiorcoronaradiataL",1.17510918103916e-106,0.160370303139276,5.42951272802765e-26,0.0734136973504012
"746","SMT.SMT.smt_trans_SuperiorfrontooccipitalfasciculusL",0,0.65229960789904,0,0.642190233607202
"747","SMT.SMT.smt_trans_SuperiorlongitudinalfasciculusL",0,0.334161615886107,0,0.460469700534987
"748","SMT.SMT.smt_trans_TapetumL",0,0.358612281260665,0,0.303701379146882
"749","SMT.SMT.smt_trans_UFL",0,0.951041121905067,0,1.23991490555596
"750","SMT.SMT.smt_trans_UncinatefasciculusL",0,0.97438172880384,0,0.924179184787434
"751","WMTI.WMTI.awf_AnteriorcoronaradiataL",1.82922178629967e-93,0.14980876411435,9.77751565342144e-317,0.269251803071717
"752","WMTI.WMTI.awf_AnteriorlimbofinternalcapsuleL",1.4920369437155e-128,0.176581597953742,6.67237369138569e-25,0.0717487633429576
"753","WMTI.WMTI.awf_ATRL",2.53041799408489e-287,0.267770279060661,0.510501621212647,0.00457576962525294
"754","WMTI.WMTI.awf_CerebralpeduncleL",0,0.459256915412115,0,0.65358732533805
"755","WMTI.WMTI.awf_CGL",0,0.408034282318843,0,0.593138085220637
"756","WMTI.WMTI.awf_CINGL",0,1.11884339874186,0,1.28976689924127
"757","WMTI.WMTI.awf_CingulumcingulategyrusL",0,1.83433213323525,0,1.82902454391407
"758","WMTI.WMTI.awf_CingulumhippocampusL",8.71658380613774e-163,0.199455998866975,1.10280431864432e-255,0.240887400506803
"759","WMTI.WMTI.awf_CorticospinaltractL",0,0.415150392763155,0,0.385014978049199
"760","WMTI.WMTI.awf_CSTL",0,1.10389836238722,0,1.20809417853873
"761","WMTI.WMTI.awf_ExternalcapsuleL",2.16098138947261e-46,0.104168501687185,2.93091098541369e-09,0.041289064095967
"762","WMTI.WMTI.awf_Fornix_StriaterminalisL",0,0.941494148087524,0,0.915313592847037
"763","WMTI.WMTI.awf_IFOFL",0.621479557860453,0.00358685319374703,0.328569063338181,0.00679357131020954
"764","WMTI.WMTI.awf_ILFL",0,1.66512140956151,0,1.66194035467464
"765","WMTI.WMTI.awf_InferiorcerebellarpeduncleL",6.04537569350514e-292,0.270008195191296,4.98132005526136e-131,0.170580778323567
"766","WMTI.WMTI.awf_MediallemniscusL",2.17973720184959e-17,0.0616884142557611,6.79825250549702e-34,0.0845379341748335
"767","WMTI.WMTI.awf_PosteriorcoronaradiataL",0.00228384017815686,0.0221635756056161,4.38417184223876e-39,0.0911269142530027
"768","WMTI.WMTI.awf_PosteriorlimbofinternalcapsuleL",1.89233728172539e-07,0.0378583962019577,1.21587462112357e-111,0.157076293703702
"769","WMTI.WMTI.awf_PosteriorthalamicradiationL",4.96223849734225e-34,0.0885215092585856,4.6294112548238e-145,0.1797579948729
"770","WMTI.WMTI.awf_RetrolenticularpartofinternalcapsuleL",0,0.873195746131569,0,0.815372929241013
"771","WMTI.WMTI.awf_SagittalstratumL",0,0.292052663426795,0,0.308194015373881
"772","WMTI.WMTI.awf_SLFL",3.69026724803262e-123,0.172721571965968,0,0.288439526069251
"773","WMTI.WMTI.awf_SLFTL",0,1.22579319159042,0,1.46788336221502
"774","WMTI.WMTI.awf_SuperiorcerebellarpeduncleL",5.002793387335e-19,0.0648099246864166,9.0884063043719e-18,0.059747916264797
"775","WMTI.WMTI.awf_SuperiorcoronaradiataL",0,0.651013517903384,0,0.787678898876603
"776","WMTI.WMTI.awf_SuperiorfrontooccipitalfasciculusL",0,1.53553500956451,0,1.4749731595531
"777","WMTI.WMTI.awf_SuperiorlongitudinalfasciculusL",0,0.660248777525004,0,0.835185184482146
"778","WMTI.WMTI.awf_TapetumL",0,0.879565006438119,0,0.792526731566204
"779","WMTI.WMTI.awf_UFL",0,1.20496029886369,0,1.10582152234515
"780","WMTI.WMTI.awf_UncinatefasciculusL",6.38913631064783e-210,0.227480867719743,8.55102569556769e-141,0.177014777776597
"781","WMTI.WMTI.axEAD_AnteriorcoronaradiataL",0,0.346293252184959,0.311292525803292,0.00704052022512628
"782","WMTI.WMTI.axEAD_AnteriorlimbofinternalcapsuleL",0,0.364497499828687,0.129034934009577,0.0105550196679818
"783","WMTI.WMTI.axEAD_ATRL",2.88244455195702e-30,0.083192747444136,0.286219721717999,0.00741558550290405
"784","WMTI.WMTI.axEAD_CerebralpeduncleL",0.0134171444651404,0.0179627397656613,0.0331815125708106,0.0148107638430252
"785","WMTI.WMTI.axEAD_CGL",0,1.1611375914926,2.78829376698067e-206,0.215552987744038
"786","WMTI.WMTI.axEAD_CINGL",0,0.306496073146141,0.242620320859754,0.00812494390765377
"787","WMTI.WMTI.axEAD_CingulumcingulategyrusL",0,1.57595049921324,1.3843958251911e-112,0.157758849475887
"788","WMTI.WMTI.axEAD_CingulumhippocampusL",2.92920185652712e-35,0.0901950211525573,0.310879139077821,0.00704653801852413
"789","WMTI.WMTI.axEAD_CorticospinaltractL",1.1963942064148e-46,0.104469399499746,4.70512134923548e-90,0.140606607824221
"790","WMTI.WMTI.axEAD_CSTL",5.29729023303763e-20,0.0665997091992764,5.0299905765568e-19,0.062025657047659
"791","WMTI.WMTI.axEAD_ExternalcapsuleL",0,0.437007514826654,3.19222089586551e-12,0.0484867866197407
"792","WMTI.WMTI.axEAD_Fornix_StriaterminalisL",3.30795195054043e-53,0.111888936799089,8.76266316883078e-96,0.14515166788234
"793","WMTI.WMTI.axEAD_IFOFL",0,0.614122013190215,0.119481504250902,0.0108264700149188
"794","WMTI.WMTI.axEAD_ILFL",0,0.701571689363896,0.0386620843483979,0.0143787854673355
"795","WMTI.WMTI.axEAD_InferiorcerebellarpeduncleL",0,0.322903623101019,2.66146710183126e-62,0.116217450589548
"796","WMTI.WMTI.axEAD_MediallemniscusL",1.96748921277409e-22,0.0708693254783607,0.000483259370128509,0.0242700914411447
"797","WMTI.WMTI.axEAD_PosteriorcoronaradiataL",0,0.7967462562805,2.49055456875787e-115,0.159728650300784
"798","WMTI.WMTI.axEAD_PosteriorlimbofinternalcapsuleL",4.30459553358677e-10,0.045371940665339,8.50052479272535e-11,0.0451608919575582
"799","WMTI.WMTI.axEAD_PosteriorthalamicradiationL",1.49926623445913e-59,0.11863862061845,0.146734379076458,0.0100908056399688
"800","WMTI.WMTI.axEAD_RetrolenticularpartofinternalcapsuleL",3.57362856327543e-09,0.0429002248424697,0.840106536032812,0.00140290336928432
"801","WMTI.WMTI.axEAD_SagittalstratumL",0,0.290499761632215,0.58983961167632,0.00374838282024931
"802","WMTI.WMTI.axEAD_SLFL",0,0.343073727874369,0.508716066207457,0.00459511021126573
"803","WMTI.WMTI.axEAD_SLFTL",0,2.0138547029123,0,0.394322073912303
"804","WMTI.WMTI.axEAD_SuperiorcerebellarpeduncleL",0,0.364900697506562,1.51459880553658e-19,0.0629468537074217
"805","WMTI.WMTI.axEAD_SuperiorcoronaradiataL",0,0.436253285068648,1.78502244995083e-06,0.0332211565113121
"806","WMTI.WMTI.axEAD_SuperiorfrontooccipitalfasciculusL",0,0.429676852358524,0,1.17197843063935
"807","WMTI.WMTI.axEAD_SuperiorlongitudinalfasciculusL",0,0.503805278724686,0.187917410322911,0.00915621239492169
"808","WMTI.WMTI.axEAD_TapetumL",7.98812096826565e-191,0.216524776408503,1.67247859108184e-95,0.144932165876886
"809","WMTI.WMTI.axEAD_UFL",0,0.673358407168409,4.27869176469202e-84,0.135725967293559
"810","WMTI.WMTI.axEAD_UncinatefasciculusL",0,0.711892787326039,0,0.499761126792303
"811","WMTI.WMTI.radEAD_AnteriorcoronaradiataL",0,0.810324393398449,0.348974346122702,0.00651250749906023
"812","WMTI.WMTI.radEAD_AnteriorlimbofinternalcapsuleL",2.47360887322476e-154,0.194040812964961,0.321875976028002,0.0068882105254806
"813","WMTI.WMTI.radEAD_ATRL",1.10744957717099e-07,0.0385749685101747,0.315788946889977,0.00697540192696892
"814","WMTI.WMTI.radEAD_CerebralpeduncleL",2.25531087956528e-05,0.0307938393984787,2.54658730796701e-07,0.0358511244296269
"815","WMTI.WMTI.radEAD_CGL",7.42784919087991e-154,0.193730726419964,0.00158949808335617,0.0219603461609235
"816","WMTI.WMTI.radEAD_CINGL",0,0.294945439856533,0.115474306941519,0.0109454067353896
"817","WMTI.WMTI.radEAD_CingulumcingulategyrusL",0,0.865523533337604,6.98966974193182e-10,0.0428967436770367
"818","WMTI.WMTI.radEAD_CingulumhippocampusL",0.615011416962592,0.00365352983268711,0.281638780643692,0.00748647188065144
"819","WMTI.WMTI.radEAD_CorticospinaltractL",1.49438866910201e-06,0.0349669733530208,7.4920477435456e-05,0.0275414143343141
"820","WMTI.WMTI.radEAD_CSTL",2.32950932224885e-07,0.0375769666978375,2.58194772309261e-156,0.186813000009695
"821","WMTI.WMTI.radEAD_ExternalcapsuleL",0,0.920984357985708,5.76752919188954e-240,0.233095453655662
"822","WMTI.WMTI.radEAD_Fornix_StriaterminalisL",2.29401729398642e-162,0.199189985402561,0,0.338797779539981
"823","WMTI.WMTI.radEAD_IFOFL",0,0.761998888285459,0.0360139252069109,0.0145804992330059
"824","WMTI.WMTI.radEAD_ILFL",0,0.513445273771217,0.726780143032972,0.00242961100671674
"825","WMTI.WMTI.radEAD_InferiorcerebellarpeduncleL",0,0.492966368743498,2.80522685704405e-269,0.247450055718948
"826","WMTI.WMTI.radEAD_MediallemniscusL",4.49962302708921e-131,0.178358769969939,1.46277283975864e-10,0.0445880574303294
"827","WMTI.WMTI.radEAD_PosteriorcoronaradiataL",0,0.321554989532598,9.43937916345616e-43,0.095515409897561
"828","WMTI.WMTI.radEAD_PosteriorlimbofinternalcapsuleL",0,0.448625189988943,1.86895742767314e-217,0.221511140425679
"829","WMTI.WMTI.radEAD_PosteriorthalamicradiationL",3.63960552041261e-164,0.200326788244321,0.701408806831669,0.00266608112847419
"830","WMTI.WMTI.radEAD_RetrolenticularpartofinternalcapsuleL",5.83166587972874e-119,0.169659517773814,0,0.657386626795235
"831","WMTI.WMTI.radEAD_SagittalstratumL",0,0.804448975894056,0.451166074496016,0.0052392464536386
"832","WMTI.WMTI.radEAD_SLFL",0,0.694998137636695,0.73128829994667,0.0023878935459297
"833","WMTI.WMTI.radEAD_SLFTL",0,0.767466518327943,3.35964639172048e-322,0.271662544436155
"834","WMTI.WMTI.radEAD_SuperiorcerebellarpeduncleL",0,0.81906113257426,1.02845030019458e-211,0.218468505137358
"835","WMTI.WMTI.radEAD_SuperiorcoronaradiataL",2.87632059458569e-44,0.101646236276332,2.94984307094656e-05,0.0290526805070534
"836","WMTI.WMTI.radEAD_SuperiorfrontooccipitalfasciculusL",0,0.576902481343885,0,0.493955066480275
"837","WMTI.WMTI.radEAD_SuperiorlongitudinalfasciculusL",0,0.781249689860265,2.45449507554513e-17,0.0589463949567913
"838","WMTI.WMTI.radEAD_TapetumL",0,0.536631619743692,0,0.301962180363177
"839","WMTI.WMTI.radEAD_UFL",0.00495538775047769,0.0204145710525274,2.00305368627705e-58,0.112406743654861
"840","WMTI.WMTI.radEAD_UncinatefasciculusL",2.79875716420657e-12,0.0507926959464188,1.48858521396509e-57,0.111533145262898
