"","names.R.","coeff","pvals"
"1","rh_bankssts_thickness",0.0303434431412181,2.1669875873341e-05
"2","rh_caudalanteriorcingulate_thickness",0.106369041526434,1.56593842983265e-50
"3","rh_caudalmiddlefrontal_thickness",0.0242312055437602,0.000706243953006756
"4","rh_cuneus_thickness",0.0130930809128855,0.0671887020087681
"5","rh_entorhinal_thickness",0.0452406777420617,2.41376008998626e-10
"6","rh_fusiform_thickness",0.0560829126206936,4.04106002402095e-15
"7","rh_inferiorparietal_thickness",-0.000428707698429799,0.95217313599139
"8","rh_inferiortemporal_thickness",0.0244517476768779,0.000625885325443137
"9","rh_isthmuscingulate_thickness",0.0194266615751217,0.00661032003289149
"10","rh_lateraloccipital_thickness",0.0113364697006745,0.11126358703554
"11","rh_lateralorbitofrontal_thickness",0.00233276362683935,0.744368761118298
"12","rh_lingual_thickness",0.0390377373872455,4.75931994969493e-08
"13","rh_medialorbitofrontal_thickness",0.0187378401961274,0.00882190118454615
"14","rh_middletemporal_thickness",0.0578185054654645,5.70355020737924e-16
"15","rh_parahippocampal_thickness",0.0498153992790269,3.01106364512489e-12
"16","rh_paracentral_thickness",0.0581203285363084,4.08891707310314e-16
"17","rh_parsopercularis_thickness",0.00582401461463336,0.41535530179423
"18","rh_parsorbitalis_thickness",0.0307709530326603,1.67876945780874e-05
"19","rh_parstriangularis_thickness",0.00927706944744923,0.194538121946386
"20","rh_pericalcarine_thickness",-0.0174407803834189,0.0147600365337326
"21","rh_postcentral_thickness",0.0383014732068337,8.27269250385653e-08
"22","rh_posteriorcingulate_thickness",0.0737275650907434,4.9018809676054e-25
"23","rh_precentral_thickness",0.0542240921532456,3.17680397985103e-14
"24","rh_precuneus_thickness",0.0479463775493388,1.99305039749489e-11
"25","rh_rostralanteriorcingulate_thickness",0.0818858987289846,1.50243561689704e-30
"26","rh_rostralmiddlefrontal_thickness",-0.115556704588596,9.12645827406252e-61
"27","rh_superiorfrontal_thickness",-0.0233193807718243,0.00111002030817781
"28","rh_superiorparietal_thickness",0.0703266228697766,5.54569144553592e-23
"29","rh_superiortemporal_thickness",0.0537415993370559,5.24495022284033e-14
"30","rh_supramarginal_thickness",0.0516160632389477,5.0114111684333e-13
"31","rh_frontalpole_thickness",0.00817684152711666,0.252950921932469
"32","rh_temporalpole_thickness",0.000129949491868494,0.985498450450102
"33","rh_transversetemporal_thickness",0.0257106884122778,0.000314291046036758
"34","rh_insula_thickness",0.0244081653593007,0.000642883330144841
"35","rh_MeanThickness_thickness",0.00665738891404104,0.351382943716961
"36","rh_bankssts_volume",0.0057921210882721,0.418167010087244
"37","rh_caudalanteriorcingulate_volume",-0.0239387554205757,0.000818719784115954
"38","rh_caudalmiddlefrontal_volume",0.0145419677636951,0.0419999205593028
"39","rh_cuneus_volume",0.0135610164387145,0.0579466848119564
"40","rh_entorhinal_volume",0.021241824915581,0.00298159987503786
"41","rh_fusiform_volume",-0.0485959664814846,9.20721312373034e-12
"42","rh_inferiorparietal_volume",0.0207580476484804,0.0037150060217026
"43","rh_inferiortemporal_volume",0.00510400440725229,0.474051259374834
"44","rh_isthmuscingulate_volume",0.00851457666787937,0.233767279601011
"45","rh_lateraloccipital_volume",-0.0213517923078762,0.00283957876579979
"46","rh_lateralorbitofrontal_volume",0.0160331180740205,0.0249144103568863
"47","rh_lingual_volume",-0.013281191071426,0.063416508415917
"48","rh_medialorbitofrontal_volume",0.0709485430067721,2.74884163140066e-23
"49","rh_middletemporal_volume",0.0149783811629528,0.0361902166031098
"50","rh_parahippocampal_volume",-0.0219423748054811,0.00212791689309321
"51","rh_paracentral_volume",-0.0292458794598261,4.34821590341407e-05
"52","rh_parsopercularis_volume",-0.00203756343080499,0.775788301128313
"53","rh_parsorbitalis_volume",-0.00558794181473295,0.43456054707737
"54","rh_parstriangularis_volume",0.0267038912820875,0.000187440009174159
"55","rh_pericalcarine_volume",-0.018577252191921,0.00941832303223924
"56","rh_postcentral_volume",-0.0132811732328975,0.0633698255869297
"57","rh_posteriorcingulate_volume",0.00798811081660703,0.264174709723534
"58","rh_precentral_volume",0.0189679036962012,0.0078998480380322
"59","rh_precuneus_volume",-0.0194147591190231,0.00661206755580658
"60","rh_rostralanteriorcingulate_volume",0.0362938279740855,3.87920388304958e-07
"61","rh_rostralmiddlefrontal_volume",-0.00903166375837542,0.206815928154783
"62","rh_superiorfrontal_volume",0.0106456730082037,0.136608718417828
"63","rh_superiorparietal_volume",0.0127109639466734,0.0748311262986513
"64","rh_superiortemporal_volume",-0.0146255656350252,0.0406378095510558
"65","rh_supramarginal_volume",0.0388652890575391,5.42779125846387e-08
"66","rh_frontalpole_volume",0.0281181975463507,8.24459793402926e-05
"67","rh_temporalpole_volume",0.00346480303987274,0.628221986259856
"68","rh_transversetemporal_volume",-0.0151036648985374,0.0344541183680219
"69","rh_insula_volume",-0.00371188258627553,0.603202357446233
"70","rh_bankssts_area",-0.0220128799311468,0.00208948478904314
"71","rh_caudalanteriorcingulate_area",-0.0199010143622238,0.00540544245656639
"72","rh_caudalmiddlefrontal_area",0.0106711509645139,0.135416908549945
"73","rh_cuneus_area",-0.0589235344773162,1.64718143439905e-16
"74","rh_entorhinal_area",-0.00597060560054764,0.403933194140738
"75","rh_fusiform_area",0.0139883198222567,0.0499331419369857
"76","rh_inferiorparietal_area",0.0215895111151339,0.00254320496485709
"77","rh_inferiortemporal_area",-0.00825421263548136,0.247722209333826
"78","rh_isthmuscingulate_area",-0.00484444238029968,0.498330293800992
"79","rh_lateraloccipital_area",0.0310426651196835,1.40843402097219e-05
"80","rh_lateralorbitofrontal_area",0.0132526078307824,0.0636699053940212
"81","rh_lingual_area",-0.0160722150216593,0.0246949318393596
"82","rh_medialorbitofrontal_area",0.0809940191650153,7.72031751046274e-30
"83","rh_middletemporal_area",-0.0197686867369131,0.00572395840076345
"84","rh_parahippocampal_area",-0.0243248559004119,0.000659663202813603
"85","rh_paracentral_area",-0.0164337722676769,0.0216036823944659
"86","rh_parsopercularis_area",0.00606387191660213,0.396628260472177
"87","rh_parsorbitalis_area",-0.0095165918253422,0.18329131451213
"88","rh_parstriangularis_area",-0.00373252018522348,0.601724836192888
"89","rh_pericalcarine_area",-0.0343509739448185,1.56307629060067e-06
"90","rh_postcentral_area",-0.0207945181658421,0.00363922385261947
"91","rh_posteriorcingulate_area",-0.0134438055531691,0.0601155211016926
"92","rh_precentral_area",0.0101973266451429,0.153250528151194
"93","rh_precuneus_area",0.00982206136274931,0.169720008375489
"94","rh_rostralanteriorcingulate_area",0.029972490980198,2.77524063667836e-05
"95","rh_rostralmiddlefrontal_area",0.00513408055697318,0.473061585513878
"96","rh_superiorfrontal_area",-0.00716615811995252,0.316329004828981
"97","rh_superiorparietal_area",-0.0124202374279616,0.0806443356139833
"98","rh_superiortemporal_area",-0.0275149105303308,0.000115946866374275
"99","rh_supramarginal_area",0.0143596113569472,0.044606821528716
"100","rh_frontalpole_area",-0.0167591331892073,0.0190306395440609
"101","rh_temporalpole_area",0.0148768559890245,0.0376054585493037
"102","rh_transversetemporal_area",-0.0185565522200916,0.00938386025862264
"103","rh_insula_area",0.112073185934133,2.88609385861679e-56
"104","rh_WhiteSurfArea_area",0.0961841610960075,1.25727144420252e-41
"105","rhCortexVol",0.075586089676751,2.21348051765256e-26
"106","rhCorticalWhiteMatterVol",-0.0863647719660607,8.13408390019226e-34
"107","Right.Lateral.Ventricle",-0.151066178438041,1.49251989005776e-101
"108","Right.Inf.Lat.Vent",0.0757395997891494,1.99136402313908e-26
"109","Right.Cerebellum.White.Matter",0.0399144523672268,1.65216657441195e-08
"110","Right.Cerebellum.Cortex",-0.0995678480892939,1.2349287485374e-44
"111","Right.Thalamus.Proper",0.0755805236519938,2.13110256389701e-26
"112","Right.Caudate",0.0384656832164531,7.20627913631853e-08
"113","Right.Putamen",-0.121296902364113,4.18196355716027e-65
"114","Right.Pallidum",0.0766126572928128,6.64806958992519e-27
"115","Right.Hippocampus",0.119138734051841,8.3670462504796e-63
"116","Right.Amygdala",0.115988126059091,2.64867506475826e-60
"117","Right.Accumbens.area",7.69713785842187,0
"118","age",-0.00124801254199663,0.861775449696273
"119","BRIA.BRIA.v_intra_ATRR",-0.0367638409490851,3.14759724658704e-07
"120","BRIA.BRIA.v_intra_CSTR",-0.0439833364679096,7.61243868009778e-10
"121","BRIA.BRIA.v_intra_CGR",0.0345917682165985,1.51592443257156e-06
"122","BRIA.BRIA.v_intra_IFOFR",0.0217728929089651,0.00240781186921556
"123","BRIA.BRIA.v_intra_ILFR",0.0279770905761952,0.000101973112523127
"124","BRIA.BRIA.v_intra_SLFR",-0.0506807555567417,1.54701286863577e-12
"125","BRIA.BRIA.v_intra_UFR",-0.0326443986794018,1.62847896809804e-06
"126","BRIA.BRIA.v_intra_SLTFR",-0.0133836495541143,0.0625253666254533
"127","BRIA.BRIA.v_intra_CorticospinaltractR",-0.0192407429384995,0.00743847635198265
"128","BRIA.BRIA.v_intra_MediallemniscusR",0.0439574832967682,1.00050722550646e-09
"129","BRIA.BRIA.v_intra_InferiorcerebellarpeduncleR",-0.00109096832079729,0.879515793117865
"130","BRIA.BRIA.v_intra_SuperiorcerebellarpeduncleR",-0.140937294923931,9.75122708725253e-90
"131","BRIA.BRIA.v_intra_CerebralpeduncleR",0.0754199204628374,7.23063281589074e-26
"132","BRIA.BRIA.v_intra_AnteriorlimbofinternalcapsuleR",-0.0145491428859486,0.042331196546159
"133","BRIA.BRIA.v_intra_.PosteriorlimbofinternalcapsuleR",0.0550840484659951,1.44772931779192e-14
"134","BRIA.BRIA.v_intra_RetrolenticularpartofinternalcapsuleR",0.0679775053605852,3.31873464745836e-21
"135","BRIA.BRIA.v_intra_AnteriorcoronaradiataR",0.0956551513075431,9.19461653488138e-41
"136","BRIA.BRIA.v_intra_SuperiorcoronaradiataR",0.144615706166101,8.71284966127375e-92
"137","BRIA.BRIA.v_intra_PosteriorcoronaradiataR",0.085967839148731,2.38400779224862e-33
"138","BRIA.BRIA.v_intra_PosteriorthalamicradiationR",0.0609595868285313,1.77557045116605e-17
"139","BRIA.BRIA.v_intra_SagittalstratumR",0.00433882811537007,0.545587222207101
"140","BRIA.BRIA.v_intra_ExternalcapsuleR",-0.0458844693791121,8.30327026527417e-11
"141","BRIA.BRIA.v_intra_CingulumcingulategyrusR",0.12953515113223,2.19218215382833e-73
"142","BRIA.BRIA.v_intra_CingulumhippocampusR",0.0531601677635014,1.00700053365556e-13
"143","BRIA.BRIA.v_intra_Fornix_StriaterminalisR",0.0502141895987495,2.45907328298421e-12
"144","BRIA.BRIA.v_intra_SuperiorlongitudinalfasciculusR",0.130030052305805,4.54471050439693e-74
"145","BRIA.BRIA.v_intra_SuperiorfrontooccipitalfasciculusR",0.0357264935966387,6.1050819351345e-07
"146","BRIA.BRIA.v_intra_UncinatefasciculusR",0.221984189395205,8.4747426422488e-220
"147","BRIA.BRIA.v_intra_TapetumR",0.0379357683555871,1.29639570827748e-07
"148","BRIA.BRIA.v_intra_CINGR",-0.0367705951313277,1.92425956252689e-07
"149","BRIA.BRIA.v_extra_ATRR",-0.115879161656496,3.85655925438165e-61
"150","BRIA.BRIA.v_extra_CSTR",-0.0754951631551961,1.33337304599534e-26
"151","BRIA.BRIA.v_extra_CGR",0.00929821502605696,0.186924843562192
"152","BRIA.BRIA.v_extra_IFOFR",-0.0164861988715779,0.020085161834301
"153","BRIA.BRIA.v_extra_ILFR",-0.0063674605287491,0.371457579938208
"154","BRIA.BRIA.v_extra_SLFR",-0.0486348676548249,8.1086247561411e-12
"155","BRIA.BRIA.v_extra_UFR",-0.0762173053909516,3.63471950801926e-27
"156","BRIA.BRIA.v_extra_SLTFR",-0.00782731852003157,0.272962902696118
"157","BRIA.BRIA.v_extra_CorticospinaltractR",-0.0284571163677883,6.65350687425105e-05
"158","BRIA.BRIA.v_extra_MediallemniscusR",0.0124300060473587,0.0807317847384336
"159","BRIA.BRIA.v_extra_InferiorcerebellarpeduncleR",0.0666698383992442,5.29885027035489e-21
"160","BRIA.BRIA.v_extra_SuperiorcerebellarpeduncleR",-0.183894671550445,6.66095567581381e-151
"161","BRIA.BRIA.v_extra_CerebralpeduncleR",-0.0170338146009436,0.016833174449781
"162","BRIA.BRIA.v_extra_AnteriorlimbofinternalcapsuleR",-0.0441702400278609,6.30133110901145e-10
"163","BRIA.BRIA.v_extra_.PosteriorlimbofinternalcapsuleR",-0.0434193439535656,1.11141724669066e-09
"164","BRIA.BRIA.v_extra_RetrolenticularpartofinternalcapsuleR",-0.0480634055528562,1.61672534579203e-11
"165","BRIA.BRIA.v_extra_AnteriorcoronaradiataR",-0.000738376496835728,0.917961435203397
"166","BRIA.BRIA.v_extra_SuperiorcoronaradiataR",-0.0223219834730915,0.00173921331486329
"167","BRIA.BRIA.v_extra_PosteriorcoronaradiataR",-0.0409345031341385,3.74638318370624e-09
"168","BRIA.BRIA.v_extra_PosteriorthalamicradiationR",-0.00326316347760078,0.644281912761809
"169","BRIA.BRIA.v_extra_SagittalstratumR",-0.0308778882470721,1.51560200433125e-05
"170","BRIA.BRIA.v_extra_ExternalcapsuleR",-0.0358346763786541,4.93606126461713e-07
"171","BRIA.BRIA.v_extra_CingulumcingulategyrusR",-0.00452203118992255,0.526511001860226
"172","BRIA.BRIA.v_extra_CingulumhippocampusR",0.0243454577558167,0.000622677110998161
"173","BRIA.BRIA.v_extra_Fornix_StriaterminalisR",-0.00897939026154983,0.210064258632512
"174","BRIA.BRIA.v_extra_SuperiorlongitudinalfasciculusR",0.0113953853824477,0.113206286372569
"175","BRIA.BRIA.v_extra_SuperiorfrontooccipitalfasciculusR",-0.0289544462609944,5.12288377055294e-05
"176","BRIA.BRIA.v_extra_UncinatefasciculusR",0.0484941376941479,1.07810026157658e-11
"177","BRIA.BRIA.v_extra_TapetumR",-0.0084338834814341,0.23564772164353
"178","BRIA.BRIA.v_extra_CINGR",0.0493740419443791,3.81651287303897e-12
"179","BRIA.BRIA.v_csf_ATRR",0.0134949490811173,0.0580302791248235
"180","BRIA.BRIA.v_csf_CSTR",0.143961112501022,4.386004263582e-94
"181","BRIA.BRIA.v_csf_CGR",0.0740673113612856,8.38942309413885e-30
"182","BRIA.BRIA.v_csf_IFOFR",0.0763524397243645,2.74122924962973e-27
"183","BRIA.BRIA.v_csf_ILFR",0.121100630619984,4.70497403232582e-78
"184","BRIA.BRIA.v_csf_SLFR",0.0744023720225329,1.39797797234628e-25
"185","BRIA.BRIA.v_csf_UFR",-0.0878666209017174,1.17334489293447e-40
"186","BRIA.BRIA.v_csf_SLTFR",0.0315262673515518,1.04550817400586e-05
"187","BRIA.BRIA.v_csf_CorticospinaltractR",-0.00938476308099091,0.189105785517593
"188","BRIA.BRIA.v_csf_MediallemniscusR",0.103932640142474,4.45680033025665e-49
"189","BRIA.BRIA.v_csf_InferiorcerebellarpeduncleR",0.055653627552182,5.57985692552465e-15
"190","BRIA.BRIA.v_csf_SuperiorcerebellarpeduncleR",-0.0855627873576888,6.82689120849584e-34
"191","BRIA.BRIA.v_csf_CerebralpeduncleR",0.0951892918691807,1.11620372785431e-40
"192","BRIA.BRIA.v_csf_AnteriorlimbofinternalcapsuleR",0.00237104830821557,0.739441734186861
"193","BRIA.BRIA.v_csf_.PosteriorlimbofinternalcapsuleR",0.135240701531592,3.5149352919664e-83
"194","BRIA.BRIA.v_csf_RetrolenticularpartofinternalcapsuleR",0.0650175193980855,6.42471723541558e-20
"195","BRIA.BRIA.v_csf_AnteriorcoronaradiataR",0.072373102438933,1.41696208678709e-24
"196","BRIA.BRIA.v_csf_SuperiorcoronaradiataR",0.0816998823521427,8.24867938737882e-31
"197","BRIA.BRIA.v_csf_PosteriorcoronaradiataR",0.00609673667405648,0.378778341569275
"198","BRIA.BRIA.v_csf_PosteriorthalamicradiationR",0.0410427570816475,1.133999018769e-09
"199","BRIA.BRIA.v_csf_SagittalstratumR",0.161060709241464,1.35499215574713e-115
"200","BRIA.BRIA.v_csf_ExternalcapsuleR",0.0398380448126246,2.27156717373013e-08
"201","BRIA.BRIA.v_csf_CingulumcingulategyrusR",0.108230144266645,1.7166495454798e-52
"202","BRIA.BRIA.v_csf_CingulumhippocampusR",0.203827194778791,1.21510590149173e-190
"203","BRIA.BRIA.v_csf_Fornix_StriaterminalisR",0.0948519340436092,7.81598043063948e-48
"204","BRIA.BRIA.v_csf_SuperiorlongitudinalfasciculusR",0.0664647159780286,1.25610789068453e-20
"205","BRIA.BRIA.v_csf_SuperiorfrontooccipitalfasciculusR",0.0447350920075929,3.57836603238678e-10
"206","BRIA.BRIA.v_csf_UncinatefasciculusR",0.0239795521599629,0.000786699818591064
"207","BRIA.BRIA.v_csf_TapetumR",0.0291739603825345,4.45503444006e-05
"208","BRIA.BRIA.v_csf_CINGR",0.039078021107835,4.29832922725716e-08
"209","BRIA.BRIA.micro_Rd_ATRR",0.0109111420867145,0.12558082088892
"210","BRIA.BRIA.micro_Rd_CSTR",0.0736546734257952,4.97494879031866e-25
"211","BRIA.BRIA.micro_Rd_CGR",0.0327963941257065,3.58717663764768e-06
"212","BRIA.BRIA.micro_Rd_IFOFR",0.00244370414463112,0.73147194149339
"213","BRIA.BRIA.micro_Rd_ILFR",0.0397007796005771,2.0505572092589e-08
"214","BRIA.BRIA.micro_Rd_SLFR",-0.0841827803074677,3.60057704582554e-32
"215","BRIA.BRIA.micro_Rd_UFR",-0.033055027753673,3.5763712756573e-06
"216","BRIA.BRIA.micro_Rd_SLTFR",-0.00261692742627233,0.714458850319431
"217","BRIA.BRIA.micro_Rd_CorticospinaltractR",-0.027005414074624,0.000157951635027665
"218","BRIA.BRIA.micro_Rd_MediallemniscusR",0.0934636311207523,1.16688906952859e-39
"219","BRIA.BRIA.micro_Rd_InferiorcerebellarpeduncleR",0.0218320994290394,0.00224671916985182
"220","BRIA.BRIA.micro_Rd_SuperiorcerebellarpeduncleR",0.00904698967559501,0.204394110447177
"221","BRIA.BRIA.micro_Rd_CerebralpeduncleR",0.0335608726931728,2.59500860901743e-06
"222","BRIA.BRIA.micro_Rd_AnteriorlimbofinternalcapsuleR",0.00853021624348625,0.232695340932041
"223","BRIA.BRIA.micro_Rd_.PosteriorlimbofinternalcapsuleR",0.0278547471545121,8.55947201188891e-05
"224","BRIA.BRIA.micro_Rd_RetrolenticularpartofinternalcapsuleR",-0.0105196286915105,0.140328212586425
"225","BRIA.BRIA.micro_Rd_AnteriorcoronaradiataR",0.0202661072024153,0.00469625969870513
"226","BRIA.BRIA.micro_Rd_SuperiorcoronaradiataR",0.0360606302487603,4.02896043961982e-07
"227","BRIA.BRIA.micro_Rd_PosteriorcoronaradiataR",0.0163860087098957,0.0216084756181519
"228","BRIA.BRIA.micro_Rd_PosteriorthalamicradiationR",-0.00059340613193523,0.933515342180001
"229","BRIA.BRIA.micro_Rd_SagittalstratumR",0.0245972206630586,0.000556242719920639
"230","BRIA.BRIA.micro_Rd_ExternalcapsuleR",-0.00462452496913648,0.517878397648399
"231","BRIA.BRIA.micro_Rd_CingulumcingulategyrusR",0.0224084334049572,0.00168560858190529
"232","BRIA.BRIA.micro_Rd_CingulumhippocampusR",0.154682514291472,3.55546506692924e-108
"233","BRIA.BRIA.micro_Rd_Fornix_StriaterminalisR",0.00487526823240174,0.494425340560686
"234","BRIA.BRIA.micro_Rd_SuperiorlongitudinalfasciculusR",0.158997691807843,1.13984744528594e-110
"235","BRIA.BRIA.micro_Rd_SuperiorfrontooccipitalfasciculusR",-0.011211117161624,0.11562673085028
"236","BRIA.BRIA.micro_Rd_UncinatefasciculusR",0.0309659200786585,1.45442672151269e-05
"237","BRIA.BRIA.micro_Rd_TapetumR",0.0118225912509961,0.0977281117437197
"238","BRIA.BRIA.micro_Rd_CINGR",-0.0244666234748607,0.000605439947233441
"239","BRIA.BRIA.micro_FA_ATRR",-0.0190503486443186,0.00764771789158537
"240","BRIA.BRIA.micro_FA_CSTR",0.00102157015587337,0.886459910697696
"241","BRIA.BRIA.micro_FA_CGR",-0.0137028196165336,0.0552620916112097
"242","BRIA.BRIA.micro_FA_IFOFR",-0.0125633326007081,0.0789839786026772
"243","BRIA.BRIA.micro_FA_ILFR",-0.0113812512291934,0.110973844341432
"244","BRIA.BRIA.micro_FA_SLFR",-0.0285944243187512,7.01602380678473e-05
"245","BRIA.BRIA.micro_FA_UFR",0.0166142940185355,0.0209938528050785
"246","BRIA.BRIA.micro_FA_SLTFR",-0.00692057618002286,0.336005628740645
"247","BRIA.BRIA.micro_FA_CorticospinaltractR",-0.0119761811101582,0.0958070241616004
"248","BRIA.BRIA.micro_FA_MediallemniscusR",0.00669164013061111,0.351118301629668
"249","BRIA.BRIA.micro_FA_InferiorcerebellarpeduncleR",-0.0222674606293094,0.00181356387072085
"250","BRIA.BRIA.micro_FA_SuperiorcerebellarpeduncleR",0.00187414829755849,0.793966132273402
"251","BRIA.BRIA.micro_FA_CerebralpeduncleR",0.106612041532016,4.9238171567015e-50
"252","BRIA.BRIA.micro_FA_AnteriorlimbofinternalcapsuleR",0.0690867837020346,6.59966370159758e-22
"253","BRIA.BRIA.micro_FA_.PosteriorlimbofinternalcapsuleR",0.0562998740429927,4.682512202593e-15
"254","BRIA.BRIA.micro_FA_RetrolenticularpartofinternalcapsuleR",0.0586925199566375,3.44576350470342e-16
"255","BRIA.BRIA.micro_FA_AnteriorcoronaradiataR",0.0506889867948354,1.81360906776513e-12
"256","BRIA.BRIA.micro_FA_SuperiorcoronaradiataR",0.0217802031047284,0.00234270325641635
"257","BRIA.BRIA.micro_FA_PosteriorcoronaradiataR",0.0113269050216442,0.113847694883552
"258","BRIA.BRIA.micro_FA_PosteriorthalamicradiationR",0.0470126102004912,6.1415516990204e-11
"259","BRIA.BRIA.micro_FA_SagittalstratumR",0.0110907301483037,0.123105290919761
"260","BRIA.BRIA.micro_FA_ExternalcapsuleR",-0.00627382711105378,0.379868982519332
"261","BRIA.BRIA.micro_FA_CingulumcingulategyrusR",0.0766297995938546,1.56598287151288e-26
"262","BRIA.BRIA.micro_FA_CingulumhippocampusR",0.0554193386385059,1.08440042921962e-14
"263","BRIA.BRIA.micro_FA_Fornix_StriaterminalisR",0.0807429686401888,2.24436254125188e-29
"264","BRIA.BRIA.micro_FA_SuperiorlongitudinalfasciculusR",0.188349696999799,7.7060463307845e-156
"265","BRIA.BRIA.micro_FA_SuperiorfrontooccipitalfasciculusR",0.0209321750659766,0.00356428397916133
"266","BRIA.BRIA.micro_FA_UncinatefasciculusR",0.166573742064257,5.94317603010791e-122
"267","BRIA.BRIA.micro_FA_TapetumR",-0.0211987149916643,0.00300747606849404
"268","BRIA.BRIA.micro_FA_CINGR",-0.0259634928654757,0.000270284555067976
"269","BRIA.BRIA.micro_Ax_ATRR",-0.0273109951639216,0.000127067417589764
"270","BRIA.BRIA.micro_Ax_CSTR",-0.0397492124704828,2.43560413557068e-08
"271","BRIA.BRIA.micro_Ax_CGR",-0.0318533219774009,8.15565663717674e-06
"272","BRIA.BRIA.micro_Ax_IFOFR",-0.0361659411286515,3.97618575849826e-07
"273","BRIA.BRIA.micro_Ax_ILFR",-0.0378983975123419,1.06283266506551e-07
"274","BRIA.BRIA.micro_Ax_SLFR",-0.00888495909715747,0.214136644735196
"275","BRIA.BRIA.micro_Ax_UFR",-0.0219446895985279,0.00221470350239586
"276","BRIA.BRIA.micro_Ax_SLTFR",-0.0038005845397981,0.595940309259381
"277","BRIA.BRIA.micro_Ax_CorticospinaltractR",-0.0157036213595327,0.0282084006943218
"278","BRIA.BRIA.micro_Ax_MediallemniscusR",-0.0244093935221625,0.000622888834119957
"279","BRIA.BRIA.micro_Ax_InferiorcerebellarpeduncleR",-0.00974591800654715,0.172784773357616
"280","BRIA.BRIA.micro_Ax_SuperiorcerebellarpeduncleR",-0.0403194590175354,1.60394089564577e-08
"281","BRIA.BRIA.micro_Ax_CerebralpeduncleR",0.0268544713036443,0.000186607247741251
"282","BRIA.BRIA.micro_Ax_AnteriorlimbofinternalcapsuleR",0.0237660793870422,0.000953044321070091
"283","BRIA.BRIA.micro_Ax_.PosteriorlimbofinternalcapsuleR",0.00378134854095849,0.597458077976286
"284","BRIA.BRIA.micro_Ax_RetrolenticularpartofinternalcapsuleR",-0.00314190556307803,0.661299090675981
"285","BRIA.BRIA.micro_Ax_AnteriorcoronaradiataR",0.0305759114543835,2.12236066365835e-05
"286","BRIA.BRIA.micro_Ax_SuperiorcoronaradiataR",-0.0267355020114443,0.000179502029846237
"287","BRIA.BRIA.micro_Ax_PosteriorcoronaradiataR",-0.0435121595639794,1.10059426203015e-09
"288","BRIA.BRIA.micro_Ax_PosteriorthalamicradiationR",-0.0138662387461131,0.052803677802236
"289","BRIA.BRIA.micro_Ax_SagittalstratumR",0.018128308911376,0.0117032309137631
"290","BRIA.BRIA.micro_Ax_ExternalcapsuleR",0.0137360183204669,0.0560138247083956
"291","BRIA.BRIA.micro_Ax_CingulumcingulategyrusR",0.0031146378891313,0.663503146547316
"292","BRIA.BRIA.micro_Ax_CingulumhippocampusR",0.0135821057203479,0.05740199525899
"293","BRIA.BRIA.micro_Ax_Fornix_StriaterminalisR",0.0173248444784373,0.0158640085834335
"294","BRIA.BRIA.micro_Ax_SuperiorlongitudinalfasciculusR",-0.0156929350403101,0.0293293434961548
"295","BRIA.BRIA.micro_Ax_SuperiorfrontooccipitalfasciculusR",-0.00320978217316361,0.654419470213754
"296","BRIA.BRIA.micro_Ax_UncinatefasciculusR",-0.0109259301525728,0.126194536698946
"297","BRIA.BRIA.micro_Ax_TapetumR",-0.00597914467787269,0.403071779173311
"298","BRIA.BRIA.micro_Ax_CINGR",0.0389976036037885,4.17014869994815e-08
"299","BRIA.BRIA.micro_ADC_ATRR",0.0640470393153426,2.04863565320019e-19
"300","BRIA.BRIA.micro_ADC_CSTR",0.138132886248121,2.03392956346973e-85
"301","BRIA.BRIA.micro_ADC_CGR",0.0533555962671812,3.89847749530958e-15
"302","BRIA.BRIA.micro_ADC_IFOFR",0.0149511286013777,0.0322202095915188
"303","BRIA.BRIA.micro_ADC_ILFR",0.0741098981656535,7.07506060285441e-28
"304","BRIA.BRIA.micro_ADC_SLFR",-0.039956048822419,2.04686001098285e-08
"305","BRIA.BRIA.micro_ADC_UFR",-0.100770120690479,6.38704358019942e-48
"306","BRIA.BRIA.micro_ADC_SLTFR",0.00664165470475613,0.353101898866456
"307","BRIA.BRIA.micro_ADC_CorticospinaltractR",-0.0190904459466054,0.00761656791975034
"308","BRIA.BRIA.micro_ADC_MediallemniscusR",0.107307708220871,2.22366762269131e-52
"309","BRIA.BRIA.micro_ADC_InferiorcerebellarpeduncleR",0.0309789582764399,1.47399925301066e-05
"310","BRIA.BRIA.micro_ADC_SuperiorcerebellarpeduncleR",-0.0103213703459024,0.147755744047734
"311","BRIA.BRIA.micro_ADC_CerebralpeduncleR",0.0521961176930715,2.37855557370958e-13
"312","BRIA.BRIA.micro_ADC_AnteriorlimbofinternalcapsuleR",-0.000691305697071863,0.922630399057345
"313","BRIA.BRIA.micro_ADC_.PosteriorlimbofinternalcapsuleR",0.111073119719191,2.1478491308834e-56
"314","BRIA.BRIA.micro_ADC_RetrolenticularpartofinternalcapsuleR",0.0539926711185064,2.80603022676033e-14
"315","BRIA.BRIA.micro_ADC_AnteriorcoronaradiataR",0.0321500579641948,6.45357940402489e-06
"316","BRIA.BRIA.micro_ADC_SuperiorcoronaradiataR",0.111271943760458,4.97932495911269e-56
"317","BRIA.BRIA.micro_ADC_PosteriorcoronaradiataR",0.0292514239262486,2.92611271169508e-05
"318","BRIA.BRIA.micro_ADC_PosteriorthalamicradiationR",0.0185198600826649,0.00736855375519967
"319","BRIA.BRIA.micro_ADC_SagittalstratumR",0.0496603950064648,3.08316479561616e-12
"320","BRIA.BRIA.micro_ADC_ExternalcapsuleR",0.0433840775172718,1.20020682411826e-09
"321","BRIA.BRIA.micro_ADC_CingulumcingulategyrusR",0.0476650868547249,2.07132385524854e-11
"322","BRIA.BRIA.micro_ADC_CingulumhippocampusR",0.182960042860883,3.355314613596e-152
"323","BRIA.BRIA.micro_ADC_Fornix_StriaterminalisR",0.0411584860559908,2.303405806426e-09
"324","BRIA.BRIA.micro_ADC_SuperiorlongitudinalfasciculusR",0.0911162532907443,1.49613340708535e-37
"325","BRIA.BRIA.micro_ADC_SuperiorfrontooccipitalfasciculusR",-0.0121745882372258,0.0883992534813373
"326","BRIA.BRIA.micro_ADC_UncinatefasciculusR",0.0809803245155805,5.88614060878411e-30
"327","BRIA.BRIA.micro_ADC_TapetumR",0.0661314525182205,1.60712009473324e-20
"328","BRIA.BRIA.micro_ADC_CINGR",-0.0176528001846759,0.0133736935062661
"329","BRIA.BRIA.Drad_extra_ATRR",-0.0179669672821993,0.0118495631963389
"330","BRIA.BRIA.Drad_extra_CSTR",-0.0313202768140291,1.12768457697003e-05
"331","BRIA.BRIA.Drad_extra_CGR",-0.0367419591208398,2.73806282868412e-07
"332","BRIA.BRIA.Drad_extra_IFOFR",-0.0330994664721549,3.61229898360914e-06
"333","BRIA.BRIA.Drad_extra_ILFR",-0.0296262276836332,3.30398959824648e-05
"334","BRIA.BRIA.Drad_extra_SLFR",-0.0365035442919746,3.2435512692991e-07
"335","BRIA.BRIA.Drad_extra_UFR",-0.0365395221016551,3.14072432834282e-07
"336","BRIA.BRIA.Drad_extra_SLTFR",-0.0275594733453692,0.000112739961968468
"337","BRIA.BRIA.Drad_extra_CorticospinaltractR",-0.0264669478110364,0.000210053246135541
"338","BRIA.BRIA.Drad_extra_MediallemniscusR",-0.00997645055307429,0.162376637814476
"339","BRIA.BRIA.Drad_extra_InferiorcerebellarpeduncleR",-0.033303602407022,3.09177972925768e-06
"340","BRIA.BRIA.Drad_extra_SuperiorcerebellarpeduncleR",-0.0205259081198138,0.00392107316382516
"341","BRIA.BRIA.Drad_extra_CerebralpeduncleR",-0.0213372102675225,0.00280828850744148
"342","BRIA.BRIA.Drad_extra_AnteriorlimbofinternalcapsuleR",0.00288137429123297,0.687809088767403
"343","BRIA.BRIA.Drad_extra_.PosteriorlimbofinternalcapsuleR",-0.0358433591933396,5.07226067277453e-07
"344","BRIA.BRIA.Drad_extra_RetrolenticularpartofinternalcapsuleR",-0.0262594204568368,0.000235061098488164
"345","BRIA.BRIA.Drad_extra_AnteriorcoronaradiataR",0.00185809100302182,0.795637426691572
"346","BRIA.BRIA.Drad_extra_SuperiorcoronaradiataR",-0.0261917356199305,0.000238912453988205
"347","BRIA.BRIA.Drad_extra_PosteriorcoronaradiataR",-0.0285427336227724,6.40506582407502e-05
"348","BRIA.BRIA.Drad_extra_PosteriorthalamicradiationR",-0.0370464662026687,2.16967346819016e-07
"349","BRIA.BRIA.Drad_extra_SagittalstratumR",-0.0345755864832311,1.28335952682711e-06
"350","BRIA.BRIA.Drad_extra_ExternalcapsuleR",-0.000665049036663805,0.926018894461605
"351","BRIA.BRIA.Drad_extra_CingulumcingulategyrusR",-0.00902051105862194,0.207058073055434
"352","BRIA.BRIA.Drad_extra_CingulumhippocampusR",0.00254135909521651,0.72217575580491
"353","BRIA.BRIA.Drad_extra_Fornix_StriaterminalisR",-0.00371870482076134,0.603532866985158
"354","BRIA.BRIA.Drad_extra_SuperiorlongitudinalfasciculusR",0.0619363940567488,6.73981839905088e-18
"355","BRIA.BRIA.Drad_extra_SuperiorfrontooccipitalfasciculusR",-0.0221962793355994,0.00192282973862539
"356","BRIA.BRIA.Drad_extra_UncinatefasciculusR",-0.0184817589450161,0.00957380699613657
"357","BRIA.BRIA.Drad_extra_TapetumR",0.00208210379451041,0.771058725433029
"358","BRIA.BRIA.Drad_extra_CINGR",-0.0279061696123969,9.15755040067487e-05
"359","BRIA.BRIA.Dax_intra_ATRR",-0.0194522323712266,0.00644864176324864
"360","BRIA.BRIA.Dax_intra_CSTR",-0.0315284666884239,9.8437894184777e-06
"361","BRIA.BRIA.Dax_intra_CGR",-0.0441257190872113,6.58318515833327e-10
"362","BRIA.BRIA.Dax_intra_IFOFR",-0.0374674852626472,1.57256776474277e-07
"363","BRIA.BRIA.Dax_intra_ILFR",-0.0367371821560091,2.62977695556125e-07
"364","BRIA.BRIA.Dax_intra_SLFR",-0.0333971209630936,2.93857701250602e-06
"365","BRIA.BRIA.Dax_intra_UFR",-0.0331947450740027,3.4171682212636e-06
"366","BRIA.BRIA.Dax_intra_SLTFR",-0.0235537626138897,0.000966736107286242
"367","BRIA.BRIA.Dax_intra_CorticospinaltractR",-0.0285077207752593,6.53900853324166e-05
"368","BRIA.BRIA.Dax_intra_MediallemniscusR",-0.0120942590987688,0.0904010951731311
"369","BRIA.BRIA.Dax_intra_InferiorcerebellarpeduncleR",-0.028853183547044,5.39000919721222e-05
"370","BRIA.BRIA.Dax_intra_SuperiorcerebellarpeduncleR",-0.0286125849582749,5.58518337338614e-05
"371","BRIA.BRIA.Dax_intra_CerebralpeduncleR",-0.0198861850564103,0.00536042938138935
"372","BRIA.BRIA.Dax_intra_AnteriorlimbofinternalcapsuleR",0.00519284641292136,0.469314884848828
"373","BRIA.BRIA.Dax_intra_.PosteriorlimbofinternalcapsuleR",-0.0406613236885693,1.22149319186295e-08
"374","BRIA.BRIA.Dax_intra_RetrolenticularpartofinternalcapsuleR",-0.0255802924150566,0.000341312843835696
"375","BRIA.BRIA.Dax_intra_AnteriorcoronaradiataR",0.00240272062106141,0.737745299934366
"376","BRIA.BRIA.Dax_intra_SuperiorcoronaradiataR",-0.017416836062667,0.014635643827056
"377","BRIA.BRIA.Dax_intra_PosteriorcoronaradiataR",-0.0345407403217539,1.32140501574642e-06
"378","BRIA.BRIA.Dax_intra_PosteriorthalamicradiationR",-0.0448853961738975,3.30606442604662e-10
"379","BRIA.BRIA.Dax_intra_SagittalstratumR",-0.0348438306759256,1.06837009877256e-06
"380","BRIA.BRIA.Dax_intra_ExternalcapsuleR",0.00264865119707551,0.711764076432599
"381","BRIA.BRIA.Dax_intra_CingulumcingulategyrusR",-0.00318293359136329,0.656403545620514
"382","BRIA.BRIA.Dax_intra_CingulumhippocampusR",-0.00534051302196129,0.454990041240151
"383","BRIA.BRIA.Dax_intra_Fornix_StriaterminalisR",-0.00194199532002495,0.786350737416966
"384","BRIA.BRIA.Dax_intra_SuperiorlongitudinalfasciculusR",0.050194453452678,2.94203700189746e-12
"385","BRIA.BRIA.Dax_intra_SuperiorfrontooccipitalfasciculusR",-0.0199523582236002,0.00533372822746721
"386","BRIA.BRIA.Dax_intra_UncinatefasciculusR",-0.0371064688420203,1.96462053841133e-07
"387","BRIA.BRIA.Dax_intra_TapetumR",0.0169424194853261,0.0178900674949723
"388","BRIA.BRIA.Dax_intra_CINGR",-0.0255024260511548,0.000348402063882799
"389","BRIA.BRIA.Dax_extra_ATRR",-0.0186652758030307,0.00891757096767003
"390","BRIA.BRIA.Dax_extra_CSTR",-0.035728760179087,5.40835624210943e-07
"391","BRIA.BRIA.Dax_extra_CGR",-0.0273630697933683,0.000128203025225842
"392","BRIA.BRIA.Dax_extra_IFOFR",-0.0372363192274776,1.83400788153939e-07
"393","BRIA.BRIA.Dax_extra_ILFR",-0.037702526580107,1.2411557710275e-07
"394","BRIA.BRIA.Dax_extra_SLFR",-0.0324911448030869,5.40276451486951e-06
"395","BRIA.BRIA.Dax_extra_UFR",-0.021981255898308,0.00217041862229586
"396","BRIA.BRIA.Dax_extra_SLTFR",-0.0211809533785382,0.00302348369953267
"397","BRIA.BRIA.Dax_extra_CorticospinaltractR",-0.0264905062639354,0.000208595662478138
"398","BRIA.BRIA.Dax_extra_MediallemniscusR",-0.015917240542441,0.0257170614898693
"399","BRIA.BRIA.Dax_extra_InferiorcerebellarpeduncleR",-0.0197887507803271,0.00561702168143284
"400","BRIA.BRIA.Dax_extra_SuperiorcerebellarpeduncleR",-0.0252694992669045,0.000390329826340964
"401","BRIA.BRIA.Dax_extra_CerebralpeduncleR",0.00127183727794573,0.859124331826214
"402","BRIA.BRIA.Dax_extra_AnteriorlimbofinternalcapsuleR",0.0127899577538307,0.0751009125341884
"403","BRIA.BRIA.Dax_extra_.PosteriorlimbofinternalcapsuleR",-0.00581276709585141,0.416138427878513
"404","BRIA.BRIA.Dax_extra_RetrolenticularpartofinternalcapsuleR",-0.00965341807749285,0.177226864301975
"405","BRIA.BRIA.Dax_extra_AnteriorcoronaradiataR",0.0191589822310234,0.00767247772764104
"406","BRIA.BRIA.Dax_extra_SuperiorcoronaradiataR",-0.0166571196371255,0.0195805580941806
"407","BRIA.BRIA.Dax_extra_PosteriorcoronaradiataR",-0.0376651719426976,1.34374075060692e-07
"408","BRIA.BRIA.Dax_extra_PosteriorthalamicradiationR",-0.0355774995023796,6.43084148532493e-07
"409","BRIA.BRIA.Dax_extra_SagittalstratumR",-0.00353871459216419,0.621789204359031
"410","BRIA.BRIA.Dax_extra_ExternalcapsuleR",0.0235232438335338,0.00107266702340859
"411","BRIA.BRIA.Dax_extra_CingulumcingulategyrusR",-0.00314488386638129,0.660249676890858
"412","BRIA.BRIA.Dax_extra_CingulumhippocampusR",0.00935889920866788,0.1903139588407
"413","BRIA.BRIA.Dax_extra_Fornix_StriaterminalisR",0.0190298353439433,0.00808013675012135
"414","BRIA.BRIA.Dax_extra_SuperiorlongitudinalfasciculusR",0.0726977435573029,4.31542996474505e-24
"415","BRIA.BRIA.Dax_extra_SuperiorfrontooccipitalfasciculusR",-0.00617869525989386,0.3898628415529
"416","BRIA.BRIA.Dax_extra_UncinatefasciculusR",-0.0341069369578348,1.73948731161905e-06
"417","BRIA.BRIA.Dax_extra_TapetumR",0.0130470454368921,0.068112404325647
"418","BRIA.BRIA.Dax_extra_CINGR",0.0113486710352734,0.106737450678055
"419","DKI.DKI.MK_ATRR",-0.0911164930976628,1.16297232058666e-38
"420","DKI.DKI.MK_CSTR",-0.0978213194178782,1.43908255352483e-45
"421","DKI.DKI.MK_CGR",0.0600311920644831,1.95328375700998e-17
"422","DKI.DKI.MK_IFOFR",-0.00515810776982174,0.467651417829925
"423","DKI.DKI.MK_ILFR",0.045721906020514,1.5598317527568e-10
"424","DKI.DKI.MK_SLFR",-0.0261065165069028,0.000240693170931628
"425","DKI.DKI.MK_UFR",-0.0397443041718427,1.1899449937097e-08
"426","DKI.DKI.MK_SLTFR",-0.0180548686112644,0.0115290130258861
"427","DKI.DKI.MK_CorticospinaltractR",-0.0195802812169866,0.0060390349534078
"428","DKI.DKI.MK_MediallemniscusR",0.0195485775116878,0.00624816360842054
"429","DKI.DKI.MK_InferiorcerebellarpeduncleR",-0.0195498798013896,0.00611285003465294
"430","DKI.DKI.MK_SuperiorcerebellarpeduncleR",-0.0959539937672633,1.75333304246598e-44
"431","DKI.DKI.MK_CerebralpeduncleR",0.00606053533801613,0.384590710430862
"432","DKI.DKI.MK_AnteriorlimbofinternalcapsuleR",0.0466283876813041,3.93025305708774e-11
"433","DKI.DKI.MK_.PosteriorlimbofinternalcapsuleR",0.0201646136046336,0.00459406191492577
"434","DKI.DKI.MK_RetrolenticularpartofinternalcapsuleR",0.0481178462811445,1.36552093810781e-11
"435","DKI.DKI.MK_AnteriorcoronaradiataR",0.0765051123581568,5.0687547459893e-27
"436","DKI.DKI.MK_SuperiorcoronaradiataR",0.115397899171529,1.61286281430064e-59
"437","DKI.DKI.MK_PosteriorcoronaradiataR",0.0487072789262012,5.57704075460009e-12
"438","DKI.DKI.MK_PosteriorthalamicradiationR",0.0272742480284811,0.000129574791571564
"439","DKI.DKI.MK_SagittalstratumR",-0.0191285922363535,0.00732259015555253
"440","DKI.DKI.MK_ExternalcapsuleR",-0.0698004322829319,2.07369826919858e-23
"441","DKI.DKI.MK_CingulumcingulategyrusR",0.0541504634617894,3.53757739959384e-14
"442","DKI.DKI.MK_CingulumhippocampusR",0.00726233974390848,0.305479188196634
"443","DKI.DKI.MK_Fornix_StriaterminalisR",0.0172245479994792,0.0153776123090678
"444","DKI.DKI.MK_SuperiorlongitudinalfasciculusR",0.125628378661206,3.59154049384996e-70
"445","DKI.DKI.MK_SuperiorfrontooccipitalfasciculusR",0.0293404321298783,3.97221880206165e-05
"446","DKI.DKI.MK_UncinatefasciculusR",0.178885637880251,1.88458031762882e-142
"447","DKI.DKI.MK_TapetumR",0.00902746913160919,0.202432517776485
"448","DKI.DKI.MK_CINGR",0.0754069349475955,2.98000141620853e-27
"449","DKI.DKI.RK_ATRR",-0.0409653998360567,4.25548769532892e-09
"450","DKI.DKI.RK_CSTR",-0.105392731570872,9.96338021835524e-51
"451","DKI.DKI.RK_CGR",0.101213389993362,1.39962972156088e-46
"452","DKI.DKI.RK_IFOFR",-0.0575413519470738,6.79312221786963e-16
"453","DKI.DKI.RK_ILFR",0.0421119444033525,2.73844002622679e-09
"454","DKI.DKI.RK_SLFR",0.0136982257887163,0.0525155496423317
"455","DKI.DKI.RK_UFR",-0.0299197195226273,2.75611550168328e-05
"456","DKI.DKI.RK_SLTFR",-0.00912896848830183,0.201499572177596
"457","DKI.DKI.RK_CorticospinaltractR",-0.0218238358561981,0.00221996271523732
"458","DKI.DKI.RK_MediallemniscusR",0.0157252470324245,0.0278023269914266
"459","DKI.DKI.RK_InferiorcerebellarpeduncleR",-0.0089883172559342,0.208474758087212
"460","DKI.DKI.RK_SuperiorcerebellarpeduncleR",-0.0625105366182263,1.97293373648088e-19
"461","DKI.DKI.RK_CerebralpeduncleR",-0.0110961715573533,0.107728206646038
"462","DKI.DKI.RK_AnteriorlimbofinternalcapsuleR",0.0629145734780955,4.37263801808882e-19
"463","DKI.DKI.RK_.PosteriorlimbofinternalcapsuleR",-0.0139774015315124,0.0495319362570046
"464","DKI.DKI.RK_RetrolenticularpartofinternalcapsuleR",0.0154475994230077,0.0297248557883023
"465","DKI.DKI.RK_AnteriorcoronaradiataR",0.0235284040145701,0.00094414692038976
"466","DKI.DKI.RK_SuperiorcoronaradiataR",0.0996626752610967,1.69637987699441e-44
"467","DKI.DKI.RK_PosteriorcoronaradiataR",0.0353080781880081,7.51116501071059e-07
"468","DKI.DKI.RK_PosteriorthalamicradiationR",-0.000808152586050399,0.909730614718784
"469","DKI.DKI.RK_SagittalstratumR",0.00749624187070851,0.29083412543797
"470","DKI.DKI.RK_ExternalcapsuleR",-0.0497452845797874,2.25732969849865e-12
"471","DKI.DKI.RK_CingulumcingulategyrusR",0.0598570138795454,5.00182488781666e-17
"472","DKI.DKI.RK_CingulumhippocampusR",-0.0205938978730131,0.00356473328676827
"473","DKI.DKI.RK_Fornix_StriaterminalisR",0.0160085403851078,0.0252194466984807
"474","DKI.DKI.RK_SuperiorlongitudinalfasciculusR",0.143184122520952,1.77163274461225e-91
"475","DKI.DKI.RK_SuperiorfrontooccipitalfasciculusR",0.00915609155963687,0.198750143589826
"476","DKI.DKI.RK_UncinatefasciculusR",0.168841152690765,7.125310713988e-128
"477","DKI.DKI.RK_TapetumR",0.0447226141032239,3.23694956131208e-10
"478","DKI.DKI.RK_CINGR",0.0647994239765706,9.69577466469477e-20
"479","DKI.DKI.AK_ATRR",0.0355879849454352,6.35204401452684e-07
"480","DKI.DKI.AK_CSTR",-0.0560558489006789,2.43796421393096e-15
"481","DKI.DKI.AK_CGR",0.120441821665595,9.43799512261149e-65
"482","DKI.DKI.AK_IFOFR",0.0585489412522866,2.10163377783056e-18
"483","DKI.DKI.AK_ILFR",0.0460472165480285,1.13709097169398e-10
"484","DKI.DKI.AK_SLFR",-0.0842395099693139,4.36763436884706e-33
"485","DKI.DKI.AK_UFR",0.0887162757075691,2.07973089601637e-36
"486","DKI.DKI.AK_SLTFR",-0.0411108960370353,8.12611883508212e-09
"487","DKI.DKI.AK_CorticospinaltractR",0.0403060356088412,1.617328978888e-08
"488","DKI.DKI.AK_MediallemniscusR",0.0587199156695361,1.59214276115321e-16
"489","DKI.DKI.AK_InferiorcerebellarpeduncleR",0.00385799715053716,0.589654841489884
"490","DKI.DKI.AK_SuperiorcerebellarpeduncleR",0.0467465673630414,5.44687739744064e-11
"491","DKI.DKI.AK_CerebralpeduncleR",0.0969426835258843,1.59147403431622e-42
"492","DKI.DKI.AK_AnteriorlimbofinternalcapsuleR",0.0793307983012519,4.29861167924599e-29
"493","DKI.DKI.AK_.PosteriorlimbofinternalcapsuleR",0.0753791511151479,3.60909021477245e-26
"494","DKI.DKI.AK_RetrolenticularpartofinternalcapsuleR",0.0555865358112562,7.0488003991502e-15
"495","DKI.DKI.AK_AnteriorcoronaradiataR",0.0724423956716361,2.11708402589014e-24
"496","DKI.DKI.AK_SuperiorcoronaradiataR",0.115159378582991,4.57481721012927e-60
"497","DKI.DKI.AK_PosteriorcoronaradiataR",0.0462503756608511,9.23240014415457e-11
"498","DKI.DKI.AK_PosteriorthalamicradiationR",0.0157764061749951,0.0242470223734534
"499","DKI.DKI.AK_SagittalstratumR",0.0663989432707136,1.11042356367671e-20
"500","DKI.DKI.AK_ExternalcapsuleR",0.0320295496445626,7.18795819906242e-06
"501","DKI.DKI.AK_CingulumcingulategyrusR",0.0341404752996063,1.7233961883554e-06
"502","DKI.DKI.AK_CingulumhippocampusR",0.0635312608181841,5.12017803528792e-19
"503","DKI.DKI.AK_Fornix_StriaterminalisR",0.0308961080780216,1.51242559020286e-05
"504","DKI.DKI.AK_SuperiorlongitudinalfasciculusR",-0.0661688491099464,1.3684774918898e-20
"505","DKI.DKI.AK_SuperiorfrontooccipitalfasciculusR",0.0619548492353125,3.75757926034521e-18
"506","DKI.DKI.AK_UncinatefasciculusR",0.0651242115566278,6.29151657439585e-20
"507","DKI.DKI.AK_TapetumR",0.0399823508010689,2.13754250589591e-08
"508","DKI.DKI.AK_CINGR",0.0977388449435214,2.5794392777533e-44
"509","DTI.DTI.FA_ATRR",0.0425426131771132,2.14579366727639e-09
"510","DTI.DTI.FA_CSTR",-0.122968161846575,5.04585606654904e-67
"511","DTI.DTI.FA_CGR",0.105444124992022,6.51398376432449e-50
"512","DTI.DTI.FA_IFOFR",-0.0532425182792773,2.29471024799471e-14
"513","DTI.DTI.FA_ILFR",0.0505989512973413,6.44629776492416e-13
"514","DTI.DTI.FA_SLFR",0.07227988598702,3.66163584089888e-24
"515","DTI.DTI.FA_UFR",0.124457031558143,4.27688367764688e-69
"516","DTI.DTI.FA_SLTFR",0.0242891467938614,0.000684599549979865
"517","DTI.DTI.FA_CorticospinaltractR",0.0242173853009627,0.000705039499635911
"518","DTI.DTI.FA_MediallemniscusR",0.0477181429968938,2.22970927629954e-11
"519","DTI.DTI.FA_InferiorcerebellarpeduncleR",0.025536724342825,0.000338804541377994
"520","DTI.DTI.FA_SuperiorcerebellarpeduncleR",0.0515332920706454,4.64372106429304e-13
"521","DTI.DTI.FA_CerebralpeduncleR",0.027677668927296,0.000102980945929617
"522","DTI.DTI.FA_AnteriorlimbofinternalcapsuleR",0.0711305080759581,1.8963844857075e-23
"523","DTI.DTI.FA_.PosteriorlimbofinternalcapsuleR",0.0158553823208016,0.0252069207345876
"524","DTI.DTI.FA_RetrolenticularpartofinternalcapsuleR",0.122115008596524,1.52714124748246e-66
"525","DTI.DTI.FA_AnteriorcoronaradiataR",0.0454387627201784,1.74906518657899e-10
"526","DTI.DTI.FA_SuperiorcoronaradiataR",0.0991879901405984,2.95953820568765e-44
"527","DTI.DTI.FA_PosteriorcoronaradiataR",0.0834676302067424,8.02385872822151e-32
"528","DTI.DTI.FA_PosteriorthalamicradiationR",0.026837696830919,0.000162329594597407
"529","DTI.DTI.FA_SagittalstratumR",0.102869740956701,2.53079806065318e-47
"530","DTI.DTI.FA_ExternalcapsuleR",0.00288167056137705,0.686635595093807
"531","DTI.DTI.FA_CingulumcingulategyrusR",0.0360813046377485,4.31512385466356e-07
"532","DTI.DTI.FA_CingulumhippocampusR",0.0654052143238661,4.86240464496834e-20
"533","DTI.DTI.FA_Fornix_StriaterminalisR",0.0595140524880517,7.44144613042894e-17
"534","DTI.DTI.FA_SuperiorlongitudinalfasciculusR",0.0564652428620524,2.40421148386103e-15
"535","DTI.DTI.FA_SuperiorfrontooccipitalfasciculusR",0.0652984042401838,4.21601979534321e-20
"536","DTI.DTI.FA_UncinatefasciculusR",0.161994656744086,5.8142167651132e-120
"537","DTI.DTI.FA_TapetumR",0.0277660586278499,9.66931844921794e-05
"538","DTI.DTI.FA_CINGR",0.0653717231453841,2.33139782824471e-20
"539","DTI.DTI.MD_ATRR",0.0858850954621302,1.10226732067598e-34
"540","DTI.DTI.MD_CSTR",0.193224809991717,3.21047966935221e-167
"541","DTI.DTI.MD_CGR",0.0814721326956875,6.71045059994056e-34
"542","DTI.DTI.MD_IFOFR",0.0525695643441836,5.87823626079259e-14
"543","DTI.DTI.MD_ILFR",0.0940131021993203,7.47568669065457e-44
"544","DTI.DTI.MD_SLFR",-0.0463723730407883,6.10868129945999e-11
"545","DTI.DTI.MD_UFR",-0.0794974120474724,6.3222850235487e-31
"546","DTI.DTI.MD_SLTFR",0.0108555477777114,0.129173020069892
"547","DTI.DTI.MD_CorticospinaltractR",-0.00638456889940178,0.3711781538198
"548","DTI.DTI.MD_MediallemniscusR",0.142792398106238,2.38125105043817e-92
"549","DTI.DTI.MD_InferiorcerebellarpeduncleR",0.0198548922411971,0.00535055066774727
"550","DTI.DTI.MD_SuperiorcerebellarpeduncleR",0.0586668532728033,4.6958952247209e-17
"551","DTI.DTI.MD_CerebralpeduncleR",0.153120542518548,5.75003049191356e-105
"552","DTI.DTI.MD_AnteriorlimbofinternalcapsuleR",0.0960417679541729,7.37848275507139e-43
"553","DTI.DTI.MD_.PosteriorlimbofinternalcapsuleR",0.133704044978485,2.26795722686286e-81
"554","DTI.DTI.MD_RetrolenticularpartofinternalcapsuleR",0.124577402461573,6.4997934577104e-69
"555","DTI.DTI.MD_AnteriorcoronaradiataR",0.0971478755053737,1.61179311980079e-42
"556","DTI.DTI.MD_SuperiorcoronaradiataR",0.158324408219423,3.07978131246076e-112
"557","DTI.DTI.MD_PosteriorcoronaradiataR",0.0671997403945183,1.71308090029881e-21
"558","DTI.DTI.MD_PosteriorthalamicradiationR",0.0471354145522882,6.69706201444988e-12
"559","DTI.DTI.MD_SagittalstratumR",0.0945201537668209,1.59049725346862e-40
"560","DTI.DTI.MD_ExternalcapsuleR",0.0890442836096755,8.60654438070173e-36
"561","DTI.DTI.MD_CingulumcingulategyrusR",0.0747973686896502,8.89345728050523e-26
"562","DTI.DTI.MD_CingulumhippocampusR",0.219313616980293,5.3009078002079e-221
"563","DTI.DTI.MD_Fornix_StriaterminalisR",0.0748230679313794,5.23757992177994e-28
"564","DTI.DTI.MD_SuperiorlongitudinalfasciculusR",0.177878763334288,1.78407022953403e-140
"565","DTI.DTI.MD_SuperiorfrontooccipitalfasciculusR",0.0382939201411194,8.37718235810326e-08
"566","DTI.DTI.MD_UncinatefasciculusR",0.135794733824491,1.00950244792096e-81
"567","DTI.DTI.MD_TapetumR",0.0863374195046176,7.08471071889185e-34
"568","DTI.DTI.MD_CINGR",0.0808346123644649,7.4301422312594e-30
"569","DTI.DTI.RD_ATRR",0.0569417931606884,3.93272174482918e-16
"570","DTI.DTI.RD_CSTR",0.0148826210141175,0.0371719177690855
"571","DTI.DTI.RD_CGR",0.0301266007864026,1.26087398136652e-05
"572","DTI.DTI.RD_IFOFR",-0.128848562168551,2.59666593452034e-79
"573","DTI.DTI.RD_ILFR",0.0696236032489614,3.07918885192684e-24
"574","DTI.DTI.RD_SLFR",0.0301630332736523,2.38326278052189e-05
"575","DTI.DTI.RD_UFR",0.0317175582814077,8.30603281963558e-06
"576","DTI.DTI.RD_SLTFR",0.0100506568481322,0.160151412572509
"577","DTI.DTI.RD_CorticospinaltractR",-0.00479466136662076,0.50228341763245
"578","DTI.DTI.RD_MediallemniscusR",0.111580694536238,1.37027176961174e-56
"579","DTI.DTI.RD_InferiorcerebellarpeduncleR",0.0264655771994226,0.000206142902031793
"580","DTI.DTI.RD_SuperiorcerebellarpeduncleR",0.0166905782211604,0.0183003155120533
"581","DTI.DTI.RD_CerebralpeduncleR",0.120288989653191,3.05456474442435e-64
"582","DTI.DTI.RD_AnteriorlimbofinternalcapsuleR",0.0700762994654845,2.93907091611767e-23
"583","DTI.DTI.RD_.PosteriorlimbofinternalcapsuleR",0.0531450635638283,2.65336583955362e-14
"584","DTI.DTI.RD_RetrolenticularpartofinternalcapsuleR",0.0711341331226105,1.16501073794793e-23
"585","DTI.DTI.RD_AnteriorcoronaradiataR",0.0609382479987332,1.14480965608404e-17
"586","DTI.DTI.RD_SuperiorcoronaradiataR",0.13817830739592,1.8982171887768e-84
"587","DTI.DTI.RD_PosteriorcoronaradiataR",0.0501331106441029,1.74558119775373e-12
"588","DTI.DTI.RD_PosteriorthalamicradiationR",0.0143263130492792,0.0418773635605383
"589","DTI.DTI.RD_SagittalstratumR",0.0850994306228114,6.20719851731646e-33
"590","DTI.DTI.RD_ExternalcapsuleR",-0.0211517444800916,0.00291168942535807
"591","DTI.DTI.RD_CingulumcingulategyrusR",0.0432796011431886,1.21281175058855e-09
"592","DTI.DTI.RD_CingulumhippocampusR",0.151453291576078,2.68157598823656e-104
"593","DTI.DTI.RD_Fornix_StriaterminalisR",0.0481968771835766,5.81955205683345e-12
"594","DTI.DTI.RD_SuperiorlongitudinalfasciculusR",0.15698429062985,2.89039663232139e-110
"595","DTI.DTI.RD_SuperiorfrontooccipitalfasciculusR",0.0381810393098753,8.0287050770857e-08
"596","DTI.DTI.RD_UncinatefasciculusR",0.0985341875850897,8.56381355407446e-44
"597","DTI.DTI.RD_TapetumR",0.0595016957260065,7.01562452851971e-17
"598","DTI.DTI.RD_CINGR",0.0430490671274814,7.49665452783133e-10
"599","DTI.DTI.AD_ATRR",0.0466195538780861,6.86575632390956e-11
"600","DTI.DTI.AD_CSTR",0.0567293193385784,1.20105468830537e-15
"601","DTI.DTI.AD_CGR",0.152923396536018,6.32452244617058e-118
"602","DTI.DTI.AD_IFOFR",0.0360196158296692,7.53149660266349e-08
"603","DTI.DTI.AD_ILFR",0.0934270689205385,9.34609065051409e-43
"604","DTI.DTI.AD_SLFR",-0.110237720555355,4.38430399136894e-55
"605","DTI.DTI.AD_UFR",-0.0455912089682612,2.9637317514397e-11
"606","DTI.DTI.AD_SLTFR",0.0106162569263745,0.137826229595696
"607","DTI.DTI.AD_CorticospinaltractR",-0.0104458288690368,0.143657055379166
"608","DTI.DTI.AD_MediallemniscusR",0.13146167209622,6.9459928904041e-78
"609","DTI.DTI.AD_InferiorcerebellarpeduncleR",0.0158946221759715,0.0257734619643967
"610","DTI.DTI.AD_SuperiorcerebellarpeduncleR",0.0879726791808357,1.84642270225488e-36
"611","DTI.DTI.AD_CerebralpeduncleR",0.0841828257825549,3.52729188565097e-33
"612","DTI.DTI.AD_AnteriorlimbofinternalcapsuleR",0.0933323614690031,1.04405934455944e-39
"613","DTI.DTI.AD_.PosteriorlimbofinternalcapsuleR",0.104307403642825,2.13695461517107e-48
"614","DTI.DTI.AD_RetrolenticularpartofinternalcapsuleR",0.0355223325614969,6.50004998602595e-07
"615","DTI.DTI.AD_AnteriorcoronaradiataR",0.0707060460608594,2.9384138548684e-23
"616","DTI.DTI.AD_SuperiorcoronaradiataR",0.156490040482707,6.37562543737552e-111
"617","DTI.DTI.AD_PosteriorcoronaradiataR",0.0352892708448051,6.76600320843074e-07
"618","DTI.DTI.AD_PosteriorthalamicradiationR",0.0376797373599223,3.90472967793639e-08
"619","DTI.DTI.AD_SagittalstratumR",0.0862400914049533,4.02766322711704e-34
"620","DTI.DTI.AD_ExternalcapsuleR",-0.0190687764883776,0.00746561580869919
"621","DTI.DTI.AD_CingulumcingulategyrusR",0.0489038393021549,7.44293179965508e-12
"622","DTI.DTI.AD_CingulumhippocampusR",0.204897280611906,1.00498608470703e-188
"623","DTI.DTI.AD_Fornix_StriaterminalisR",0.0654537850420959,3.09451654974905e-21
"624","DTI.DTI.AD_SuperiorlongitudinalfasciculusR",-0.0320779491156077,7.1156796081246e-06
"625","DTI.DTI.AD_SuperiorfrontooccipitalfasciculusR",0.036724962744964,2.19851383025451e-07
"626","DTI.DTI.AD_UncinatefasciculusR",0.104659445244827,6.76244999401893e-49
"627","DTI.DTI.AD_TapetumR",0.0670517027311086,5.13083991697177e-21
"628","DTI.DTI.AD_CINGR",0.0193204783730563,0.00646842925481411
"629","SMT.SMT.smt_fa_ATRR",-0.0349276491271968,9.67203684124481e-07
"630","SMT.SMT.smt_fa_CSTR",-0.0236092239893951,0.000906774803240516
"631","SMT.SMT.smt_fa_CGR",0.0432030983462897,6.32313789700445e-10
"632","SMT.SMT.smt_fa_IFOFR",0.0310928804712597,1.26592032230901e-05
"633","SMT.SMT.smt_fa_ILFR",0.0573711784999408,4.12681117018956e-16
"634","SMT.SMT.smt_fa_SLFR",0.00197423752405401,0.781473770925338
"635","SMT.SMT.smt_fa_UFR",-0.0711918774529619,1.89930111979122e-25
"636","SMT.SMT.smt_fa_SLTFR",-0.0149701736922309,0.035806075795259
"637","SMT.SMT.smt_fa_CorticospinaltractR",-0.00963490852844469,0.177510558534382
"638","SMT.SMT.smt_fa_MediallemniscusR",0.0810427074156762,4.77575095992256e-30
"639","SMT.SMT.smt_fa_InferiorcerebellarpeduncleR",-0.0164117588513768,0.0214382410261237
"640","SMT.SMT.smt_fa_SuperiorcerebellarpeduncleR",-0.0604050125176733,2.19043989104435e-17
"641","SMT.SMT.smt_fa_CerebralpeduncleR",0.014061031285923,0.0479393217094162
"642","SMT.SMT.smt_fa_AnteriorlimbofinternalcapsuleR",-0.00715601683347943,0.316419730991108
"643","SMT.SMT.smt_fa_.PosteriorlimbofinternalcapsuleR",0.0381434142222208,9.02040970444455e-08
"644","SMT.SMT.smt_fa_RetrolenticularpartofinternalcapsuleR",0.0462035989393933,9.50626396647403e-11
"645","SMT.SMT.smt_fa_AnteriorcoronaradiataR",0.0347959321338951,1.14098400409111e-06
"646","SMT.SMT.smt_fa_SuperiorcoronaradiataR",0.122696564491392,6.21447545370692e-67
"647","SMT.SMT.smt_fa_PosteriorcoronaradiataR",0.0709725049830759,1.0133126862984e-23
"648","SMT.SMT.smt_fa_PosteriorthalamicradiationR",0.0311460964957159,1.19526291795713e-05
"649","SMT.SMT.smt_fa_SagittalstratumR",0.0154595856154753,0.0304924330797178
"650","SMT.SMT.smt_fa_ExternalcapsuleR",-0.00452119557646043,0.524877909692927
"651","SMT.SMT.smt_fa_CingulumcingulategyrusR",0.0870845900512054,2.89184990642952e-34
"652","SMT.SMT.smt_fa_CingulumhippocampusR",0.051759520447618,3.43040748425475e-13
"653","SMT.SMT.smt_fa_Fornix_StriaterminalisR",0.0335495015404454,2.73568971335556e-06
"654","SMT.SMT.smt_fa_SuperiorlongitudinalfasciculusR",0.0489098630997954,7.7977703723809e-12
"655","SMT.SMT.smt_fa_SuperiorfrontooccipitalfasciculusR",0.0318313369340667,8.11757607101878e-06
"656","SMT.SMT.smt_fa_UncinatefasciculusR",0.216137633301887,5.51147052056955e-210
"657","SMT.SMT.smt_fa_TapetumR",0.0770678553330423,1.75224022959131e-27
"658","SMT.SMT.smt_fa_CINGR",0.00251105221647947,0.724661182624048
"659","SMT.SMT.smt_long_ATRR",0.0853666809249098,1.54580415364418e-33
"660","SMT.SMT.smt_long_CSTR",0.0118784714419503,0.0942187012511567
"661","SMT.SMT.smt_long_CGR",0.00310382349047187,0.633802657673735
"662","SMT.SMT.smt_long_IFOFR",-0.0277763298649994,4.39427718516648e-05
"663","SMT.SMT.smt_long_ILFR",0.0638760472397561,4.29717417349916e-23
"664","SMT.SMT.smt_long_SLFR",0.0144390874405144,0.0427640890905573
"665","SMT.SMT.smt_long_UFR",-0.143312449645285,3.54155990704675e-104
"666","SMT.SMT.smt_long_SLTFR",0.00817926911483425,0.252533047054641
"667","SMT.SMT.smt_long_CorticospinaltractR",-0.0180488146834955,0.01146333886106
"668","SMT.SMT.smt_long_MediallemniscusR",0.0312033459697835,1.07400837320495e-05
"669","SMT.SMT.smt_long_InferiorcerebellarpeduncleR",0.0239343362252456,0.000800760396898949
"670","SMT.SMT.smt_long_SuperiorcerebellarpeduncleR",0.00953196457504338,0.181565400417529
"671","SMT.SMT.smt_long_CerebralpeduncleR",0.0384198698431576,6.18640594176529e-08
"672","SMT.SMT.smt_long_AnteriorlimbofinternalcapsuleR",0.0335426776224203,2.39813864043148e-06
"673","SMT.SMT.smt_long_.PosteriorlimbofinternalcapsuleR",0.0516322991284524,3.26450241832147e-13
"674","SMT.SMT.smt_long_RetrolenticularpartofinternalcapsuleR",-0.00422393352390203,0.55305841745691
"675","SMT.SMT.smt_long_AnteriorcoronaradiataR",0.0439727886059512,5.70408928118097e-10
"676","SMT.SMT.smt_long_SuperiorcoronaradiataR",-0.0230355899757483,0.00107661605422063
"677","SMT.SMT.smt_long_PosteriorcoronaradiataR",-0.133360672092596,9.01238618438458e-93
"678","SMT.SMT.smt_long_PosteriorthalamicradiationR",-0.0280582044909799,2.79550839861115e-05
"679","SMT.SMT.smt_long_SagittalstratumR",0.0398014218743021,2.14166024788746e-08
"680","SMT.SMT.smt_long_ExternalcapsuleR",0.0410979124574409,7.52216587330131e-09
"681","SMT.SMT.smt_long_CingulumcingulategyrusR",0.0663115938318939,1.50603518938019e-20
"682","SMT.SMT.smt_long_CingulumhippocampusR",0.0850211362527386,2.26158519936282e-33
"683","SMT.SMT.smt_long_Fornix_StriaterminalisR",0.0442796953341214,1.87854288218203e-11
"684","SMT.SMT.smt_long_SuperiorlongitudinalfasciculusR",0.0297181506210431,3.23111356045801e-05
"685","SMT.SMT.smt_long_SuperiorfrontooccipitalfasciculusR",0.0104220130262407,0.142591183480909
"686","SMT.SMT.smt_long_UncinatefasciculusR",-0.222691374141211,1.50725817043957e-222
"687","SMT.SMT.smt_long_TapetumR",0.0722207404943998,2.81487408967508e-25
"688","SMT.SMT.smt_long_CINGR",0.0368220269264266,2.39430000379695e-07
"689","SMT.SMT.smt_md_ATRR",0.104257917292398,1.62156684764045e-50
"690","SMT.SMT.smt_md_CSTR",0.0701973988054579,5.48019788347927e-23
"691","SMT.SMT.smt_md_CGR",0.0132906577065393,0.0451388698774039
"692","SMT.SMT.smt_md_IFOFR",-0.0268246091277646,8.81273640064273e-05
"693","SMT.SMT.smt_md_ILFR",0.0668257014750262,1.11712179099704e-23
"694","SMT.SMT.smt_md_SLFR",-0.0407271998545074,8.84951146607282e-09
"695","SMT.SMT.smt_md_UFR",-0.126333206992137,1.82344562875146e-77
"696","SMT.SMT.smt_md_SLTFR",0.00442206295937678,0.536180737730363
"697","SMT.SMT.smt_md_CorticospinaltractR",-0.0176805156979817,0.0133962016020338
"698","SMT.SMT.smt_md_MediallemniscusR",0.0686832664077056,2.31716564155998e-22
"699","SMT.SMT.smt_md_InferiorcerebellarpeduncleR",0.0112177618253726,0.116252327369197
"700","SMT.SMT.smt_md_SuperiorcerebellarpeduncleR",0.038548515330887,5.92867907931332e-08
"701","SMT.SMT.smt_md_CerebralpeduncleR",0.0772416991128624,1.34270651429647e-27
"702","SMT.SMT.smt_md_AnteriorlimbofinternalcapsuleR",0.0597273995707764,3.55646714569644e-17
"703","SMT.SMT.smt_md_.PosteriorlimbofinternalcapsuleR",0.0691805609097306,8.488248565937e-23
"704","SMT.SMT.smt_md_RetrolenticularpartofinternalcapsuleR",0.0485935658547112,8.93498499217805e-12
"705","SMT.SMT.smt_md_AnteriorcoronaradiataR",0.0649021527033536,7.58523295629188e-20
"706","SMT.SMT.smt_md_SuperiorcoronaradiataR",0.0543793737363731,1.54613172140727e-14
"707","SMT.SMT.smt_md_PosteriorcoronaradiataR",-0.0791337652281218,2.46742412036595e-30
"708","SMT.SMT.smt_md_PosteriorthalamicradiationR",-0.0247569235993081,0.000286457478212832
"709","SMT.SMT.smt_md_SagittalstratumR",0.0670451073445521,3.81822056636094e-21
"710","SMT.SMT.smt_md_ExternalcapsuleR",0.0675341516543216,3.06631380547511e-21
"711","SMT.SMT.smt_md_CingulumcingulategyrusR",0.0614899802294286,6.93504242798769e-18
"712","SMT.SMT.smt_md_CingulumhippocampusR",0.12453510154257,1.41529742225402e-70
"713","SMT.SMT.smt_md_Fornix_StriaterminalisR",0.0452884849563739,1.98757034657483e-11
"714","SMT.SMT.smt_md_SuperiorlongitudinalfasciculusR",0.133144057662092,1.67881881189315e-78
"715","SMT.SMT.smt_md_SuperiorfrontooccipitalfasciculusR",0.0137996781727413,0.0525956400081432
"716","SMT.SMT.smt_md_UncinatefasciculusR",0.0311926017024618,1.23664310485972e-05
"717","SMT.SMT.smt_md_TapetumR",0.0797735944740409,1.20284089929941e-29
"718","SMT.SMT.smt_md_CINGR",0.00923626994235985,0.194650274232492
"719","SMT.SMT.smt_trans_ATRR",-0.131597450887284,1.09931530301085e-76
"720","SMT.SMT.smt_trans_CSTR",-0.0702250440264095,5.17691057002845e-23
"721","SMT.SMT.smt_trans_CGR",0.0807882453036938,5.92885363316413e-30
"722","SMT.SMT.smt_trans_IFOFR",0.00948323499929491,0.180016152047909
"723","SMT.SMT.smt_trans_ILFR",0.0438247188205998,8.53922185199477e-10
"724","SMT.SMT.smt_trans_SLFR",-0.0914638692983103,1.00695779485783e-37
"725","SMT.SMT.smt_trans_UFR",-0.0919717796799503,1.20665728956211e-42
"726","SMT.SMT.smt_trans_SLTFR",-0.0176667989846144,0.0133814749304126
"727","SMT.SMT.smt_trans_CorticospinaltractR",-0.0326287667840553,4.99875366506921e-06
"728","SMT.SMT.smt_trans_MediallemniscusR",0.106026881472056,9.9149334559334e-51
"729","SMT.SMT.smt_trans_InferiorcerebellarpeduncleR",-0.0232245549307535,0.00114520078725119
"730","SMT.SMT.smt_trans_SuperiorcerebellarpeduncleR",-0.210234587930171,8.27496811267687e-197
"731","SMT.SMT.smt_trans_CerebralpeduncleR",0.0691368908138441,3.10419411589389e-22
"732","SMT.SMT.smt_trans_AnteriorlimbofinternalcapsuleR",-0.108332511784672,4.61423070838806e-53
"733","SMT.SMT.smt_trans_.PosteriorlimbofinternalcapsuleR",0.0472246305751545,3.54192568020545e-11
"734","SMT.SMT.smt_trans_RetrolenticularpartofinternalcapsuleR",0.0578049052510266,5.81655507461842e-16
"735","SMT.SMT.smt_trans_AnteriorcoronaradiataR",0.0688993113998894,4.16689670320141e-22
"736","SMT.SMT.smt_trans_SuperiorcoronaradiataR",0.153112216115847,5.86779265756339e-104
"737","SMT.SMT.smt_trans_PosteriorcoronaradiataR",0.110309195751333,1.69036965664921e-55
"738","SMT.SMT.smt_trans_PosteriorthalamicradiationR",0.0463640409770145,7.90631943923444e-11
"739","SMT.SMT.smt_trans_SagittalstratumR",0.0374445782910146,1.57913569575768e-07
"740","SMT.SMT.smt_trans_ExternalcapsuleR",-0.101805182045995,1.7040236789062e-47
"741","SMT.SMT.smt_trans_CingulumcingulategyrusR",0.0434297050653828,1.20564273269246e-09
"742","SMT.SMT.smt_trans_CingulumhippocampusR",0.114314663941296,8.15768647779179e-60
"743","SMT.SMT.smt_trans_Fornix_StriaterminalisR",0.0303249330421149,2.06971224054099e-05
"744","SMT.SMT.smt_trans_SuperiorlongitudinalfasciculusR",0.0770806457179682,2.91879020701774e-27
"745","SMT.SMT.smt_trans_SuperiorfrontooccipitalfasciculusR",-0.00946435637557177,0.185031135717471
"746","SMT.SMT.smt_trans_UncinatefasciculusR",0.149437809624446,9.12028840020288e-99
"747","SMT.SMT.smt_trans_TapetumR",-0.0251425362612643,0.000418783706732669
"748","SMT.SMT.smt_trans_CINGR",0.00678630956945375,0.339226443337812
"749","SMT_mc.SMT_mc.smt_mc_intra_ATRR",-0.127360366627019,6.55593876881316e-73
"750","SMT_mc.SMT_mc.smt_mc_intra_CSTR",-0.108247024995402,2.88395896777458e-54
"751","SMT_mc.SMT_mc.smt_mc_intra_CGR",0.083302834511458,3.49211185045636e-33
"752","SMT_mc.SMT_mc.smt_mc_intra_IFOFR",0.0342184389189375,1.1238204365771e-06
"753","SMT_mc.SMT_mc.smt_mc_intra_ILFR",0.0746391195893964,9.29749287950438e-26
"754","SMT_mc.SMT_mc.smt_mc_intra_SLFR",-0.0496379038582051,3.22401337356654e-12
"755","SMT_mc.SMT_mc.smt_mc_intra_UFR",-0.0480859569538947,3.90334535728073e-13
"756","SMT_mc.SMT_mc.smt_mc_intra_SLTFR",-0.0122476409069512,0.0860364287049494
"757","SMT_mc.SMT_mc.smt_mc_intra_CorticospinaltractR",-0.0241028822846782,0.000743002304827815
"758","SMT_mc.SMT_mc.smt_mc_intra_MediallemniscusR",0.0360477153367892,4.53193242522731e-07
"759","SMT_mc.SMT_mc.smt_mc_intra_InferiorcerebellarpeduncleR",0.000980149560407361,0.891016566148407
"760","SMT_mc.SMT_mc.smt_mc_intra_SuperiorcerebellarpeduncleR",-0.161508910078963,2.31852979728859e-116
"761","SMT_mc.SMT_mc.smt_mc_intra_CerebralpeduncleR",0.0599386375343479,3.80783813089367e-17
"762","SMT_mc.SMT_mc.smt_mc_intra_AnteriorlimbofinternalcapsuleR",-0.0478548117946231,1.19270901686029e-11
"763","SMT_mc.SMT_mc.smt_mc_intra_.PosteriorlimbofinternalcapsuleR",0.0341487574284118,1.44611636497105e-06
"764","SMT_mc.SMT_mc.smt_mc_intra_RetrolenticularpartofinternalcapsuleR",0.0707335711483398,3.6361340877585e-23
"765","SMT_mc.SMT_mc.smt_mc_intra_AnteriorcoronaradiataR",0.0947634525805615,1.44298262337695e-40
"766","SMT_mc.SMT_mc.smt_mc_intra_SuperiorcoronaradiataR",0.146377982726066,2.57959365829232e-95
"767","SMT_mc.SMT_mc.smt_mc_intra_PosteriorcoronaradiataR",0.0854901891947471,1.13893022232527e-36
"768","SMT_mc.SMT_mc.smt_mc_intra_PosteriorthalamicradiationR",0.0534477870074433,3.78550806677839e-14
"769","SMT_mc.SMT_mc.smt_mc_intra_SagittalstratumR",0.0184929303358025,0.00955283438960899
"770","SMT_mc.SMT_mc.smt_mc_intra_ExternalcapsuleR",-0.0569211064935409,4.87613589025098e-16
"771","SMT_mc.SMT_mc.smt_mc_intra_CingulumcingulategyrusR",0.0780859232225627,7.27146218603784e-28
"772","SMT_mc.SMT_mc.smt_mc_intra_CingulumhippocampusR",0.0432869646024983,1.06729804157357e-09
"773","SMT_mc.SMT_mc.smt_mc_intra_Fornix_StriaterminalisR",0.0509101962787705,9.85112520293309e-13
"774","SMT_mc.SMT_mc.smt_mc_intra_SuperiorlongitudinalfasciculusR",0.106030202496758,3.3918833666607e-50
"775","SMT_mc.SMT_mc.smt_mc_intra_SuperiorfrontooccipitalfasciculusR",0.0260823756580437,0.000252713520884952
"776","SMT_mc.SMT_mc.smt_mc_intra_UncinatefasciculusR",0.218176972321786,2.18286742410185e-215
"777","SMT_mc.SMT_mc.smt_mc_intra_TapetumR",0.0356257398316029,4.50066001538756e-07
"778","SMT_mc.SMT_mc.smt_mc_intra_CINGR",0.0350387011847693,7.95660448023472e-07
"779","SMT_mc.SMT_mc.smt_mc_extramd_ATRR",0.049988170394998,6.20438560782438e-13
"780","SMT_mc.SMT_mc.smt_mc_extramd_CSTR",0.130048135767417,9.5158825979587e-76
"781","SMT_mc.SMT_mc.smt_mc_extramd_CGR",0.0622594832382695,2.39454675567428e-21
"782","SMT_mc.SMT_mc.smt_mc_extramd_IFOFR",0.0156211443929661,0.0238522254418884
"783","SMT_mc.SMT_mc.smt_mc_extramd_ILFR",0.0935077206821083,7.24831950695287e-45
"784","SMT_mc.SMT_mc.smt_mc_extramd_SLFR",0.0382040991570563,8.35912778624819e-08
"785","SMT_mc.SMT_mc.smt_mc_extramd_UFR",-0.101705167384157,1.55407620909869e-51
"786","SMT_mc.SMT_mc.smt_mc_extramd_SLTFR",0.0135295038601902,0.0585880303044026
"787","SMT_mc.SMT_mc.smt_mc_extramd_CorticospinaltractR",-0.00600576237971871,0.400794669323265
"788","SMT_mc.SMT_mc.smt_mc_extramd_MediallemniscusR",0.113188594160149,4.73908461154928e-58
"789","SMT_mc.SMT_mc.smt_mc_extramd_InferiorcerebellarpeduncleR",0.0204223395345064,0.00414129881053427
"790","SMT_mc.SMT_mc.smt_mc_extramd_SuperiorcerebellarpeduncleR",-0.0414671728041587,2.74555301430052e-09
"791","SMT_mc.SMT_mc.smt_mc_extramd_CerebralpeduncleR",0.116557940701426,4.15722343751427e-61
"792","SMT_mc.SMT_mc.smt_mc_extramd_AnteriorlimbofinternalcapsuleR",0.045779566964077,9.43241035099142e-11
"793","SMT_mc.SMT_mc.smt_mc_extramd_.PosteriorlimbofinternalcapsuleR",0.100955505207781,2.53232957947678e-46
"794","SMT_mc.SMT_mc.smt_mc_extramd_RetrolenticularpartofinternalcapsuleR",0.0610802081423591,9.75374069390789e-18
"795","SMT_mc.SMT_mc.smt_mc_extramd_AnteriorcoronaradiataR",0.077528514518629,1.31640128644995e-27
"796","SMT_mc.SMT_mc.smt_mc_extramd_SuperiorcoronaradiataR",0.0954073319956515,1.25541333956224e-41
"797","SMT_mc.SMT_mc.smt_mc_extramd_PosteriorcoronaradiataR",-0.0132448561222074,0.0518603890370446
"798","SMT_mc.SMT_mc.smt_mc_extramd_PosteriorthalamicradiationR",0.0275770666634951,4.76381302908364e-05
"799","SMT_mc.SMT_mc.smt_mc_extramd_SagittalstratumR",0.0626355982956889,1.22858002402353e-18
"800","SMT_mc.SMT_mc.smt_mc_extramd_ExternalcapsuleR",0.0748683715841756,7.74183595406825e-26
"801","SMT_mc.SMT_mc.smt_mc_extramd_CingulumcingulategyrusR",0.0676708287695797,2.41998215197706e-21
"802","SMT_mc.SMT_mc.smt_mc_extramd_CingulumhippocampusR",0.17211378003524,3.16231854617517e-134
"803","SMT_mc.SMT_mc.smt_mc_extramd_Fornix_StriaterminalisR",0.0565762422372295,8.20886158574468e-17
"804","SMT_mc.SMT_mc.smt_mc_extramd_SuperiorlongitudinalfasciculusR",0.147543239095755,1.97259083521147e-96
"805","SMT_mc.SMT_mc.smt_mc_extramd_SuperiorfrontooccipitalfasciculusR",0.0131475907999574,0.0647535009448888
"806","SMT_mc.SMT_mc.smt_mc_extramd_UncinatefasciculusR",0.0490151027239883,6.5577962427297e-12
"807","SMT_mc.SMT_mc.smt_mc_extramd_TapetumR",0.0912922573575536,4.82821347640945e-38
"808","SMT_mc.SMT_mc.smt_mc_extramd_CINGR",0.0169900052571365,0.0174836088021326
"809","SMT_mc.SMT_mc.smt_mc_extratrans_ATRR",-0.14741161465469,3.46754410100794e-96
"810","SMT_mc.SMT_mc.smt_mc_extratrans_CSTR",0.0622418372316172,2.85368744946737e-18
"811","SMT_mc.SMT_mc.smt_mc_extratrans_CGR",0.0666574465588888,3.11857758871405e-21
"812","SMT_mc.SMT_mc.smt_mc_extratrans_IFOFR",-0.0157781936991031,0.0266413567236511
"813","SMT_mc.SMT_mc.smt_mc_extratrans_ILFR",0.0359685864215392,4.75905275146437e-07
"814","SMT_mc.SMT_mc.smt_mc_extratrans_SLFR",-0.134510045240814,1.6917903693335e-81
"815","SMT_mc.SMT_mc.smt_mc_extratrans_UFR",0.0248473547620567,0.000511917206026476
"816","SMT_mc.SMT_mc.smt_mc_extratrans_SLTFR",-0.00231437719976186,0.745373413488504
"817","SMT_mc.SMT_mc.smt_mc_extratrans_CorticospinaltractR",-0.0125359636543286,0.0795899229554142
"818","SMT_mc.SMT_mc.smt_mc_extratrans_MediallemniscusR",0.12169833413144,8.02186581776769e-67
"819","SMT_mc.SMT_mc.smt_mc_extratrans_InferiorcerebellarpeduncleR",-0.00195458617779911,0.784016024537141
"820","SMT_mc.SMT_mc.smt_mc_extratrans_SuperiorcerebellarpeduncleR",-0.2149317621906,4.3212779480189e-207
"821","SMT_mc.SMT_mc.smt_mc_extratrans_CerebralpeduncleR",0.0997343104570385,7.72102570451374e-45
"822","SMT_mc.SMT_mc.smt_mc_extratrans_AnteriorlimbofinternalcapsuleR",-0.0993605246322166,1.63070809261632e-44
"823","SMT_mc.SMT_mc.smt_mc_extratrans_.PosteriorlimbofinternalcapsuleR",0.0721938699173091,2.2365309316408e-24
"824","SMT_mc.SMT_mc.smt_mc_extratrans_RetrolenticularpartofinternalcapsuleR",0.0710186061261431,2.57354406926672e-23
"825","SMT_mc.SMT_mc.smt_mc_extratrans_AnteriorcoronaradiataR",0.0498374361636033,3.01735260849423e-12
"826","SMT_mc.SMT_mc.smt_mc_extratrans_SuperiorcoronaradiataR",0.103110795748519,1.16801127409656e-47
"827","SMT_mc.SMT_mc.smt_mc_extratrans_PosteriorcoronaradiataR",0.0758527195192987,2.15243190612598e-26
"828","SMT_mc.SMT_mc.smt_mc_extratrans_PosteriorthalamicradiationR",0.0241446030407172,0.000697528158064193
"829","SMT_mc.SMT_mc.smt_mc_extratrans_SagittalstratumR",0.0970499272533831,3.34434078222314e-42
"830","SMT_mc.SMT_mc.smt_mc_extratrans_ExternalcapsuleR",-0.0609327148089531,1.28566661626029e-17
"831","SMT_mc.SMT_mc.smt_mc_extratrans_CingulumcingulategyrusR",0.0631187246209368,9.68843513364251e-19
"832","SMT_mc.SMT_mc.smt_mc_extratrans_CingulumhippocampusR",0.137084764340444,2.23459662961372e-84
"833","SMT_mc.SMT_mc.smt_mc_extratrans_Fornix_StriaterminalisR",-0.00717538629710167,0.315310004829591
"834","SMT_mc.SMT_mc.smt_mc_extratrans_SuperiorlongitudinalfasciculusR",0.110710164716363,1.00256305037434e-54
"835","SMT_mc.SMT_mc.smt_mc_extratrans_SuperiorfrontooccipitalfasciculusR",0.0391791028835033,4.25952068091452e-08
"836","SMT_mc.SMT_mc.smt_mc_extratrans_UncinatefasciculusR",0.0836546763747407,9.78713650054706e-32
"837","SMT_mc.SMT_mc.smt_mc_extratrans_TapetumR",0.0390508562105414,4.46552656563293e-08
"838","SMT_mc.SMT_mc.smt_mc_extratrans_CINGR",0.00646795639670895,0.361494063672959
"839","SMT_mc.SMT_mc.smt_mc_diff_ATRR",-0.0185210006574164,0.0078743902603276
"840","SMT_mc.SMT_mc.smt_mc_diff_CSTR",-0.037543201050319,9.02933333995699e-08
"841","SMT_mc.SMT_mc.smt_mc_diff_CGR",0.054885334042362,6.60180153066072e-18
"842","SMT_mc.SMT_mc.smt_mc_diff_IFOFR",0.0229775320954711,0.00106905004781317
"843","SMT_mc.SMT_mc.smt_mc_diff_ILFR",0.096912816471413,2.52222240648536e-53
"844","SMT_mc.SMT_mc.smt_mc_diff_SLFR",0.0566866530131294,1.33254742643267e-15
"845","SMT_mc.SMT_mc.smt_mc_diff_UFR",-0.115233389441306,5.93739199787341e-73
"846","SMT_mc.SMT_mc.smt_mc_diff_SLTFR",0.0135828525245088,0.0573624182065985
"847","SMT_mc.SMT_mc.smt_mc_diff_CorticospinaltractR",-0.00795346217657073,0.265904854076879
"848","SMT_mc.SMT_mc.smt_mc_diff_MediallemniscusR",0.0281205314869248,7.58889265831205e-05
"849","SMT_mc.SMT_mc.smt_mc_diff_InferiorcerebellarpeduncleR",0.0475614098010098,2.8649073187924e-11
"850","SMT_mc.SMT_mc.smt_mc_diff_SuperiorcerebellarpeduncleR",-0.0429008921106314,1.72655362324354e-09
"851","SMT_mc.SMT_mc.smt_mc_diff_CerebralpeduncleR",0.0502797103988238,1.61099379149154e-12
"852","SMT_mc.SMT_mc.smt_mc_diff_AnteriorlimbofinternalcapsuleR",0.00200338331003583,0.778210119056935
"853","SMT_mc.SMT_mc.smt_mc_diff_.PosteriorlimbofinternalcapsuleR",0.0540308204618543,3.87937902349176e-14
"854","SMT_mc.SMT_mc.smt_mc_diff_RetrolenticularpartofinternalcapsuleR",-0.0235689348043562,0.000949029178339185
"855","SMT_mc.SMT_mc.smt_mc_diff_AnteriorcoronaradiataR",0.0627145343354272,5.62973774133836e-19
"856","SMT_mc.SMT_mc.smt_mc_diff_SuperiorcoronaradiataR",0.0192507607637932,0.00646992089732122
"857","SMT_mc.SMT_mc.smt_mc_diff_PosteriorcoronaradiataR",-0.0563426170583339,8.76714363126811e-21
"858","SMT_mc.SMT_mc.smt_mc_diff_PosteriorthalamicradiationR",0.0265958876487225,5.61408798913315e-05
"859","SMT_mc.SMT_mc.smt_mc_diff_SagittalstratumR",0.0238478911807306,0.00078423901488743
"860","SMT_mc.SMT_mc.smt_mc_diff_ExternalcapsuleR",-0.0305236144078685,1.47991678175942e-05
"861","SMT_mc.SMT_mc.smt_mc_diff_CingulumcingulategyrusR",0.0558894956752311,4.86922565576516e-15
"862","SMT_mc.SMT_mc.smt_mc_diff_CingulumhippocampusR",0.10496327820749,2.50393267803599e-49
"863","SMT_mc.SMT_mc.smt_mc_diff_Fornix_StriaterminalisR",0.0775967603477054,1.71252527236685e-32
"864","SMT_mc.SMT_mc.smt_mc_diff_SuperiorlongitudinalfasciculusR",-0.0152459890114156,0.0329490533408241
"865","SMT_mc.SMT_mc.smt_mc_diff_SuperiorfrontooccipitalfasciculusR",-0.00379815862436151,0.593531083456532
"866","SMT_mc.SMT_mc.smt_mc_diff_UncinatefasciculusR",-0.0240045057516631,0.000778820093296696
"867","SMT_mc.SMT_mc.smt_mc_diff_TapetumR",0.0395908981285441,1.58594580866491e-08
"868","SMT_mc.SMT_mc.smt_mc_diff_CINGR",0.0472832581299063,1.51957127366728e-11
"869","WMTI.WMTI.axEAD_ATRR",0.00366493682587502,0.607860489227713
"870","WMTI.WMTI.axEAD_CSTR",-0.00388878032990935,0.584936635920525
"871","WMTI.WMTI.axEAD_CGR",0.100860997363684,3.81709981662275e-48
"872","WMTI.WMTI.axEAD_IFOFR",0.017334448227041,0.0126572542329494
"873","WMTI.WMTI.axEAD_ILFR",0.0535318225136869,2.30723431273916e-14
"874","WMTI.WMTI.axEAD_SLFR",-0.048407285368847,9.74467078651882e-12
"875","WMTI.WMTI.axEAD_UFR",-0.0589997111947313,4.40345182409767e-18
"876","WMTI.WMTI.axEAD_SLTFR",0.00892048818479009,0.212509711520115
"877","WMTI.WMTI.axEAD_CorticospinaltractR",0.00946108253503084,0.185652955356851
"878","WMTI.WMTI.axEAD_MediallemniscusR",0.0893401268249659,1.70675397870198e-39
"879","WMTI.WMTI.axEAD_InferiorcerebellarpeduncleR",0.0252339417513168,0.000416773812057808
"880","WMTI.WMTI.axEAD_SuperiorcerebellarpeduncleR",0.0555636351151114,6.27913880016941e-15
"881","WMTI.WMTI.axEAD_CerebralpeduncleR",0.0467608520441253,3.49607746122606e-11
"882","WMTI.WMTI.axEAD_AnteriorlimbofinternalcapsuleR",0.0644707117464131,1.50359489906906e-19
"883","WMTI.WMTI.axEAD_.PosteriorlimbofinternalcapsuleR",0.042085087511243,3.99274794194169e-09
"884","WMTI.WMTI.axEAD_RetrolenticularpartofinternalcapsuleR",0.0174104513443192,0.0147513572892032
"885","WMTI.WMTI.axEAD_AnteriorcoronaradiataR",0.0342166785804914,1.63470084360467e-06
"886","WMTI.WMTI.axEAD_SuperiorcoronaradiataR",0.109258478036853,5.2010707608038e-54
"887","WMTI.WMTI.axEAD_PosteriorcoronaradiataR",0.0204953959962944,0.0040644573078281
"888","WMTI.WMTI.axEAD_PosteriorthalamicradiationR",0.0317619556162777,4.13412783489935e-06
"889","WMTI.WMTI.axEAD_SagittalstratumR",0.0450247422022424,2.35863748815642e-10
"890","WMTI.WMTI.axEAD_ExternalcapsuleR",-0.0540769890825356,2.95985314757267e-14
"891","WMTI.WMTI.axEAD_CingulumcingulategyrusR",0.0438548495302932,8.51789839419694e-10
"892","WMTI.WMTI.axEAD_CingulumhippocampusR",0.156144356673348,4.63024672759305e-108
"893","WMTI.WMTI.axEAD_Fornix_StriaterminalisR",0.0451967558771913,1.035671335354e-10
"894","WMTI.WMTI.axEAD_SuperiorlongitudinalfasciculusR",-0.0718683487694961,8.10178851655835e-24
"895","WMTI.WMTI.axEAD_SuperiorfrontooccipitalfasciculusR",0.0292520118018033,3.83210591258295e-05
"896","WMTI.WMTI.axEAD_UncinatefasciculusR",0.0821494618932349,1.08176555118479e-30
"897","WMTI.WMTI.axEAD_TapetumR",0.0425339343263247,2.45967743391332e-09
"898","WMTI.WMTI.axEAD_CINGR",0.0409959028435685,7.99561035012168e-09
"899","WMTI.WMTI.awf_ATRR",-0.0871031411313791,1.00078325340379e-34
"900","WMTI.WMTI.awf_CSTR",-0.105547117009298,5.54421319358962e-51
"901","WMTI.WMTI.awf_CGR",0.066711987189083,6.46568697835219e-21
"902","WMTI.WMTI.awf_IFOFR",0.0132464389656019,0.0632817087868412
"903","WMTI.WMTI.awf_ILFR",0.0493705598982808,4.31605453027728e-12
"904","WMTI.WMTI.awf_SLFR",-0.0463387182374696,7.38847962582096e-11
"905","WMTI.WMTI.awf_UFR",-0.0243959168598355,0.000597929980180052
"906","WMTI.WMTI.awf_SLTFR",-0.0157677099411162,0.0274397305048828
"907","WMTI.WMTI.awf_CorticospinaltractR",0.00324669617635925,0.649770649793704
"908","WMTI.WMTI.awf_MediallemniscusR",0.0482148179921099,1.14599450278013e-11
"909","WMTI.WMTI.awf_InferiorcerebellarpeduncleR",0.0101743413416295,0.154942686856219
"910","WMTI.WMTI.awf_SuperiorcerebellarpeduncleR",-0.0953247179024691,3.90854597897507e-44
"911","WMTI.WMTI.awf_CerebralpeduncleR",-0.00762890078767245,0.280145227540425
"912","WMTI.WMTI.awf_AnteriorlimbofinternalcapsuleR",0.00578536504581549,0.415000654272799
"913","WMTI.WMTI.awf_.PosteriorlimbofinternalcapsuleR",0.0129648864292098,0.069478530508822
"914","WMTI.WMTI.awf_RetrolenticularpartofinternalcapsuleR",0.0185629783528535,0.00931436167124862
"915","WMTI.WMTI.awf_AnteriorcoronaradiataR",-0.0422110993701339,1.31932974981872e-09
"916","WMTI.WMTI.awf_SuperiorcoronaradiataR",0.0867942980388102,4.58521834444122e-34
"917","WMTI.WMTI.awf_PosteriorcoronaradiataR",0.0686289372690079,6.39013215899816e-22
"918","WMTI.WMTI.awf_PosteriorthalamicradiationR",0.00949286390248022,0.18324426109479
"919","WMTI.WMTI.awf_SagittalstratumR",0.0386160898292774,5.5671753380548e-08
"920","WMTI.WMTI.awf_ExternalcapsuleR",-0.0446797096203265,3.17838926727238e-10
"921","WMTI.WMTI.awf_CingulumcingulategyrusR",0.0316287015534246,9.65629650453307e-06
"922","WMTI.WMTI.awf_CingulumhippocampusR",0.0287970421614513,4.78777938139334e-05
"923","WMTI.WMTI.awf_Fornix_StriaterminalisR",0.00199510754713537,0.779594657922068
"924","WMTI.WMTI.awf_SuperiorlongitudinalfasciculusR",0.061838974098337,4.29538888965196e-18
"925","WMTI.WMTI.awf_SuperiorfrontooccipitalfasciculusR",0.0362490527392669,3.95410503761396e-07
"926","WMTI.WMTI.awf_UncinatefasciculusR",0.134837908712386,8.64829334916492e-81
"927","WMTI.WMTI.awf_TapetumR",-0.026253019016718,0.000220897168241195
"928","WMTI.WMTI.awf_CINGR",0.0344160405836422,9.89136049329599e-07
"929","WMTI.WMTI.radEAD_ATRR",0.0626461044852687,1.55214432102612e-18
"930","WMTI.WMTI.radEAD_CSTR",0.0613717116125507,6.67381597634123e-18
"931","WMTI.WMTI.radEAD_CGR",0.0329738517998326,2.32586129923057e-06
"932","WMTI.WMTI.radEAD_IFOFR",-0.0638778891991374,1.00172820799764e-19
"933","WMTI.WMTI.radEAD_ILFR",0.0621856154957859,1.28343791307024e-19
"934","WMTI.WMTI.radEAD_SLFR",0.0581708489300229,3.0486635171172e-16
"935","WMTI.WMTI.radEAD_UFR",-0.0664980233765524,3.89453716337098e-21
"936","WMTI.WMTI.radEAD_SLTFR",0.0174929048826085,0.0144661131994519
"937","WMTI.WMTI.radEAD_CorticospinaltractR",-0.0077738826142977,0.276610394564051
"938","WMTI.WMTI.radEAD_MediallemniscusR",0.0786580356599544,2.258087974123e-30
"939","WMTI.WMTI.radEAD_InferiorcerebellarpeduncleR",0.0390394222036229,4.45695798462687e-08
"940","WMTI.WMTI.radEAD_SuperiorcerebellarpeduncleR",0.0405144211658652,1.21366705801392e-08
"941","WMTI.WMTI.radEAD_CerebralpeduncleR",0.0666213645262103,5.36922346946529e-21
"942","WMTI.WMTI.radEAD_AnteriorlimbofinternalcapsuleR",0.0757673302216609,3.11479358489163e-27
"943","WMTI.WMTI.radEAD_.PosteriorlimbofinternalcapsuleR",0.0485846264791141,5.27343625641611e-12
"944","WMTI.WMTI.radEAD_RetrolenticularpartofinternalcapsuleR",0.0338223973273921,1.84317955072417e-06
"945","WMTI.WMTI.radEAD_AnteriorcoronaradiataR",0.0277950197665904,9.07063277280381e-05
"946","WMTI.WMTI.radEAD_SuperiorcoronaradiataR",0.0965282361782481,6.50673173005288e-42
"947","WMTI.WMTI.radEAD_PosteriorcoronaradiataR",0.0157150298573701,0.0262199422597477
"948","WMTI.WMTI.radEAD_PosteriorthalamicradiationR",0.0211699263605611,0.00267147343318832
"949","WMTI.WMTI.radEAD_SagittalstratumR",0.0495185378525364,3.79550150364988e-12
"950","WMTI.WMTI.radEAD_ExternalcapsuleR",0.025756585308634,0.00030174759717843
"951","WMTI.WMTI.radEAD_CingulumcingulategyrusR",0.0480369386435307,1.69850347498735e-11
"952","WMTI.WMTI.radEAD_CingulumhippocampusR",0.122965093501265,1.72933270257035e-68
"953","WMTI.WMTI.radEAD_Fornix_StriaterminalisR",0.0585748375308666,2.45026654575528e-17
"954","WMTI.WMTI.radEAD_SuperiorlongitudinalfasciculusR",0.132798578196943,8.21905341842721e-79
"955","WMTI.WMTI.radEAD_SuperiorfrontooccipitalfasciculusR",0.0240001897837623,0.000765728810991205
"956","WMTI.WMTI.radEAD_UncinatefasciculusR",0.0809360053350019,4.44186319628179e-30
"957","WMTI.WMTI.radEAD_TapetumR",0.0605230186066783,2.12028318295997e-17
"958","WMTI.WMTI.radEAD_CINGR",0.0269052186621203,0.000169305037133421
