"","feature","dMRI_t","dMRI_p","dMRI_p_adj","dMRI_CohensD"
"1","BRIA.BRIA.v_intra_ATRL",55.4201916639152,0,0,0.278366926962998
"2","BRIA.BRIA.v_intra_CSTL",282.755431406028,0,0,1.42023616590703
"3","BRIA.BRIA.v_intra_CGL",70.3383927176088,0,0,0.353298710099298
"4","BRIA.BRIA.v_intra_IFOFL",-60.5533725100587,0,0,0.304150088925905
"5","BRIA.BRIA.v_intra_ILFL",145.464633157825,0,0,0.730646028066842
"6","BRIA.BRIA.v_intra_SLFL",36.6659314300931,1.80151065001669e-289,1.51326894601402e-286,0.184167220465909
"7","BRIA.BRIA.v_intra_UFL",255.939937411392,0,0,1.28554614708594
"8","BRIA.BRIA.v_intra_SLFTL",-258.034451479724,0,0,1.29606656260918
"9","BRIA.BRIA.v_intra_CorticospinaltractL",-2.59064117888315,0.00958323938899403,1,0.0130123841541842
"10","BRIA.BRIA.v_intra_MediallemniscusL",69.6626622849672,0,0,0.349904622162349
"11","BRIA.BRIA.v_intra_InferiorcerebellarpeduncleL",-42.7277356519902,0,0,0.214614711938571
"12","BRIA.BRIA.v_intra_SuperiorcerebellarpeduncleL",43.67615396579,0,0,0.219378468316197
"13","BRIA.BRIA.v_intra_CerebralpeduncleL",287.925971378858,0,0,1.44620697690141
"14","BRIA.BRIA.v_intra_AnteriorlimbofinternalcapsuleL",64.9942260200713,0,0,0.326455799309797
"15","BRIA.BRIA.v_intra_PosteriorlimbofinternalcapsuleL",310.123063614052,0,0,1.55769948834013
"16","BRIA.BRIA.v_intra_RetrolenticularpartofinternalcapsuleL",177.899576835318,0,0,0.893561660919127
"17","BRIA.BRIA.v_intra_AnteriorcoronaradiataL",46.722523599277,0,0,0.23467990499129
"18","BRIA.BRIA.v_intra_SuperiorcoronaradiataL",3.18290096899362,0.00145920025804395,1,0.0159872121507534
"19","BRIA.BRIA.v_intra_PosteriorcoronaradiataL",117.775000509924,0,0,0.591565347948067
"20","BRIA.BRIA.v_intra_PosteriorthalamicradiationL",-29.3891630598281,7.89249471741851e-188,6.62969556263155e-185,0.147617154711238
"21","BRIA.BRIA.v_intra_SagittalstratumL",-16.6284401271147,7.03393243458941e-62,5.9085032450551e-59,0.0835220456551919
"22","BRIA.BRIA.v_intra_ExternalcapsuleL",-154.499453666553,0,0,0.776026513863949
"23","BRIA.BRIA.v_intra_CingulumcingulategyrusL",185.474319257052,0,0,0.931608403580378
"24","BRIA.BRIA.v_intra_CingulumhippocampusL",-139.222498721603,0,0,0.699292766222529
"25","BRIA.BRIA.v_intra_Fornix_StriaterminalisL",106.10194693366,0,0,0.532933431407537
"26","BRIA.BRIA.v_intra_SuperiorlongitudinalfasciculusL",122.77123145527,0,0,0.616660632047546
"27","BRIA.BRIA.v_intra_SuperiorfrontooccipitalfasciculusL",-165.96418123613,0,0,0.833612041560503
"28","BRIA.BRIA.v_intra_UncinatefasciculusL",-208.979157555512,0,0,1.04966951830158
"29","BRIA.BRIA.v_intra_TapetumL",122.910829074787,0,0,0.617361808986666
"30","BRIA.BRIA.v_intra_CINGL",-335.583553543724,0,0,1.68558353435129
"31","BRIA.BRIA.v_extra_ATRL",-28.3393528842999,6.33321410927531e-175,5.31989985179126e-172,0.142344122921155
"32","BRIA.BRIA.v_extra_CSTL",-168.616877085418,0,0,0.846936116587379
"33","BRIA.BRIA.v_extra_CGL",-114.840486962652,0,0,0.576825746843129
"34","BRIA.BRIA.v_extra_IFOFL",125.550908427857,0,0,0.630622513332639
"35","BRIA.BRIA.v_extra_ILFL",-111.671482667277,0,0,0.56090833550349
"36","BRIA.BRIA.v_extra_SLFL",16.5467236169762,2.71597942388623e-61,2.28142271606443e-58,0.0831115964465839
"37","BRIA.BRIA.v_extra_UFL",-162.390929765363,0,0,0.815664160087709
"38","BRIA.BRIA.v_extra_SLFTL",226.465023133609,0,0,1.13749827746179
"39","BRIA.BRIA.v_extra_CorticospinaltractL",-40.7601300295383,0,0,0.204731737626276
"40","BRIA.BRIA.v_extra_MediallemniscusL",-97.1691847746527,0,0,0.488065568687507
"41","BRIA.BRIA.v_extra_InferiorcerebellarpeduncleL",-42.3218373175193,0,0,0.212575948292441
"42","BRIA.BRIA.v_extra_SuperiorcerebellarpeduncleL",82.5577007974636,0,0,0.414674377300714
"43","BRIA.BRIA.v_extra_CerebralpeduncleL",-258.972155567031,0,0,1.30077650310825
"44","BRIA.BRIA.v_extra_AnteriorlimbofinternalcapsuleL",-45.9055323403943,0,0,0.230576286088816
"45","BRIA.BRIA.v_extra_PosteriorlimbofinternalcapsuleL",-207.361998425851,0,0,1.04154678173539
"46","BRIA.BRIA.v_extra_RetrolenticularpartofinternalcapsuleL",-83.5592189682575,0,0,0.419704845928323
"47","BRIA.BRIA.v_extra_AnteriorcoronaradiataL",-70.1101111051512,0,0,0.352152087378692
"48","BRIA.BRIA.v_extra_SuperiorcoronaradiataL",13.282754828176,3.55281199645419e-40,2.98436207702152e-37,0.0667171933569755
"49","BRIA.BRIA.v_extra_PosteriorcoronaradiataL",-31.4727908487505,9.12756752902919e-215,7.66715672438452e-212,0.158082890161134
"50","BRIA.BRIA.v_extra_PosteriorthalamicradiationL",42.3589936063761,0,0,0.212762578501323
"51","BRIA.BRIA.v_extra_SagittalstratumL",91.2319017771592,0,0,0.458243527786879
"52","BRIA.BRIA.v_extra_ExternalcapsuleL",142.458714049356,0,0,0.715547768031978
"53","BRIA.BRIA.v_extra_CingulumcingulategyrusL",-118.822562518677,0,0,0.596827087549188
"54","BRIA.BRIA.v_extra_CingulumhippocampusL",85.4259320745196,0,0,0.429081052962448
"55","BRIA.BRIA.v_extra_Fornix_StriaterminalisL",-3.64632638829772,0.000266356396199554,0.223739372807625,0.0183149253176502
"56","BRIA.BRIA.v_extra_SuperiorlongitudinalfasciculusL",-20.5542421498805,2.16823156736357e-93,1.8213145165854e-90,0.10324073323335
"57","BRIA.BRIA.v_extra_SuperiorfrontooccipitalfasciculusL",154.62632966534,0,0,0.776663792098238
"58","BRIA.BRIA.v_extra_UncinatefasciculusL",164.757654915088,0,0,0.827551849161224
"59","BRIA.BRIA.v_extra_TapetumL",-41.5120846565464,0,0,0.208508687731487
"60","BRIA.BRIA.v_extra_CINGL",255.373839336861,0,0,1.28270272528179
"61","BRIA.BRIA.v_csf_ATRL",-4.7633066289914,1.91119050541104e-06,0.00160540002454527,0.0239253418056672
"62","BRIA.BRIA.v_csf_CSTL",31.1036518522059,7.25123326656353e-210,6.09103594391337e-207,0.156228762901643
"63","BRIA.BRIA.v_csf_CGL",122.142994272851,0,0,0.613505095254484
"64","BRIA.BRIA.v_csf_IFOFL",-77.7314845494942,0,0,0.390433050349822
"65","BRIA.BRIA.v_csf_ILFL",32.8681859115078,8.76267958403034e-234,7.36065085058548e-231,0.165091740615399
"66","BRIA.BRIA.v_csf_SLFL",-67.7862939484567,0,0,0.340479918421651
"67","BRIA.BRIA.v_csf_UFL",-10.1852250360507,2.4732968722281e-24,2.0775693726716e-21,0.0511587872323805
"68","BRIA.BRIA.v_csf_SLFTL",-114.726564915939,0,0,0.576253534277548
"69","BRIA.BRIA.v_csf_CorticospinaltractL",52.3283595907413,0,0,0.262837139586682
"70","BRIA.BRIA.v_csf_MediallemniscusL",49.9223396925572,0,0,0.250752079157246
"71","BRIA.BRIA.v_csf_InferiorcerebellarpeduncleL",86.9835863688594,0,0,0.436904906077494
"72","BRIA.BRIA.v_csf_SuperiorcerebellarpeduncleL",-116.060344685352,0,0,0.582952900781159
"73","BRIA.BRIA.v_csf_CerebralpeduncleL",82.1719329046547,0,0,0.412736725704462
"74","BRIA.BRIA.v_csf_AnteriorlimbofinternalcapsuleL",18.8597822909939,5.4228466308562e-79,4.55519116991921e-76,0.0947297272332124
"75","BRIA.BRIA.v_csf_PosteriorlimbofinternalcapsuleL",35.3419035738932,2.08034365286189e-269,1.74748866840398e-266,0.177516836292228
"76","BRIA.BRIA.v_csf_RetrolenticularpartofinternalcapsuleL",-53.3432484540747,0,0,0.267934767104976
"77","BRIA.BRIA.v_csf_AnteriorcoronaradiataL",52.0146708748527,0,0,0.26126153038644
"78","BRIA.BRIA.v_csf_SuperiorcoronaradiataL",-12.1351418633458,7.89931327381899e-34,6.63542315000795e-31,0.060952913502084
"79","BRIA.BRIA.v_csf_PosteriorcoronaradiataL",-55.7813608120297,0,0,0.28018102292434
"80","BRIA.BRIA.v_csf_PosteriorthalamicradiationL",-3.53582296572871,0.000406970517507182,0.341855234706032,0.0177598839647449
"81","BRIA.BRIA.v_csf_SagittalstratumL",-62.2334663278833,0,0,0.312588936555907
"82","BRIA.BRIA.v_csf_ExternalcapsuleL",-52.5927889678181,0,0,0.264165326857163
"83","BRIA.BRIA.v_csf_CingulumcingulategyrusL",12.3202599186806,8.16137998225686e-35,6.85555918509576e-32,0.0618827324478832
"84","BRIA.BRIA.v_csf_CingulumhippocampusL",45.7989193184784,0,0,0.230040785607963
"85","BRIA.BRIA.v_csf_Fornix_StriaterminalisL",-73.4892013606764,0,0,0.369124727532402
"86","BRIA.BRIA.v_csf_SuperiorlongitudinalfasciculusL",-63.6112408658945,0,0,0.31950928187914
"87","BRIA.BRIA.v_csf_SuperiorfrontooccipitalfasciculusL",-1.51797960480642,0.129027515869862,1,0.00762457337471808
"88","BRIA.BRIA.v_csf_UncinatefasciculusL",-11.7058470408912,1.34116505036747e-31,1.12657864230868e-28,0.0587966329678612
"89","BRIA.BRIA.v_csf_TapetumL",-44.8723439190116,0,0,0.225386742761752
"90","BRIA.BRIA.v_csf_CINGL",-14.4814873929467,2.09686012550921e-47,1.76136250542774e-44,0.0727382389413974
"91","BRIA.BRIA.micro_Rd_ATRL",-45.2981292335857,0,0,0.227525395588558
"92","BRIA.BRIA.micro_Rd_CSTL",-84.8013151565966,0,0,0.425943700189912
"93","BRIA.BRIA.micro_Rd_CGL",130.008331852795,0,0,0.653011451799277
"94","BRIA.BRIA.micro_Rd_IFOFL",-175.588570972559,0,0,0.881953841081354
"95","BRIA.BRIA.micro_Rd_ILFL",-39.6364172816633,0,0,0.19908750481106
"96","BRIA.BRIA.micro_Rd_SLFL",-139.87092080158,0,0,0.702549688588886
"97","BRIA.BRIA.micro_Rd_UFL",-131.42269133796,0,0,0.660115557571665
"98","BRIA.BRIA.micro_Rd_SLFTL",-76.2790859957309,0,0,0.383137880304427
"99","BRIA.BRIA.micro_Rd_CorticospinaltractL",64.9484603388138,0,0,0.326225925473753
"100","BRIA.BRIA.micro_Rd_MediallemniscusL",56.8708143006565,0,0,0.285653176855838
"101","BRIA.BRIA.micro_Rd_InferiorcerebellarpeduncleL",111.339393313533,0,0,0.559240302786474
"102","BRIA.BRIA.micro_Rd_SuperiorcerebellarpeduncleL",-162.37461673969,0,0,0.81558222231937
"103","BRIA.BRIA.micro_Rd_CerebralpeduncleL",-15.2255592499524,3.36393793112711e-52,2.82570786214678e-49,0.0764755951297408
"104","BRIA.BRIA.micro_Rd_AnteriorlimbofinternalcapsuleL",-1.63723862185221,0.101588558568031,1,0.00822359270487428
"105","BRIA.BRIA.micro_Rd_PosteriorlimbofinternalcapsuleL",-53.7640437620917,0,0,0.270048355911803
"106","BRIA.BRIA.micro_Rd_RetrolenticularpartofinternalcapsuleL",-153.024914291548,0,0,0.768620133947485
"107","BRIA.BRIA.micro_Rd_AnteriorcoronaradiataL",45.3314380911332,0,0,0.227692700753656
"108","BRIA.BRIA.micro_Rd_SuperiorcoronaradiataL",-22.8998382200285,2.6198322562065e-115,2.20065909521346e-112,0.115022294255428
"109","BRIA.BRIA.micro_Rd_PosteriorcoronaradiataL",-113.012059303639,0,0,0.567641841603314
"110","BRIA.BRIA.micro_Rd_PosteriorthalamicradiationL",-22.3699555504537,3.72091942672026e-110,3.12557231844502e-107,0.112360776747964
"111","BRIA.BRIA.micro_Rd_SagittalstratumL",-152.710015473822,0,0,0.767038446595583
"112","BRIA.BRIA.micro_Rd_ExternalcapsuleL",-49.4971945556568,0,0,0.24861664184245
"113","BRIA.BRIA.micro_Rd_CingulumcingulategyrusL",-68.9889698830201,0,0,0.346520770933799
"114","BRIA.BRIA.micro_Rd_CingulumhippocampusL",123.378986112254,0,0,0.619713288329175
"115","BRIA.BRIA.micro_Rd_Fornix_StriaterminalisL",-178.893920809357,0,0,0.898556094682116
"116","BRIA.BRIA.micro_Rd_SuperiorlongitudinalfasciculusL",-158.674026776431,0,0,0.796994739578975
"117","BRIA.BRIA.micro_Rd_SuperiorfrontooccipitalfasciculusL",84.5781400712382,0,0,0.424822726753684
"118","BRIA.BRIA.micro_Rd_UncinatefasciculusL",59.6148361665846,0,0,0.299435968134688
"119","BRIA.BRIA.micro_Rd_TapetumL",-75.5786022421778,0,0,0.379619460320488
"120","BRIA.BRIA.micro_Rd_CINGL",54.7848650538638,0,0,0.275175781087313
"121","BRIA.BRIA.micro_FA_ATRL",46.9726732973686,0,0,0.235936367674797
"122","BRIA.BRIA.micro_FA_CSTL",199.646116284115,0,0,1.00279111640624
"123","BRIA.BRIA.micro_FA_CGL",-74.0751851573581,0,0,0.372068032198707
"124","BRIA.BRIA.micro_FA_IFOFL",86.0932212041264,0,0,0.432432741558748
"125","BRIA.BRIA.micro_FA_ILFL",97.904165044861,0,0,0.491757259261881
"126","BRIA.BRIA.micro_FA_SLFL",124.681738095802,0,0,0.626256807132833
"127","BRIA.BRIA.micro_FA_UFL",184.892923936861,0,0,0.928688146111522
"128","BRIA.BRIA.micro_FA_SLFTL",-125.685210949168,0,0,0.631297093824301
"129","BRIA.BRIA.micro_FA_CorticospinaltractL",-72.7870454122914,0,0,0.3655979083762
"130","BRIA.BRIA.micro_FA_MediallemniscusL",-36.0802226626522,1.64341129045186e-280,1.38046548397956e-277,0.181225297228314
"131","BRIA.BRIA.micro_FA_InferiorcerebellarpeduncleL",-98.3104447058705,0,0,0.49379793825139
"132","BRIA.BRIA.micro_FA_SuperiorcerebellarpeduncleL",149.787265106454,0,0,0.752357930097586
"133","BRIA.BRIA.micro_FA_CerebralpeduncleL",61.9275205164003,0,0,0.311052218749586
"134","BRIA.BRIA.micro_FA_AnteriorlimbofinternalcapsuleL",40.7666203409974,0,0,0.204764337442363
"135","BRIA.BRIA.micro_FA_PosteriorlimbofinternalcapsuleL",148.013939305322,0,0,0.743450792844097
"136","BRIA.BRIA.micro_FA_RetrolenticularpartofinternalcapsuleL",210.863231881116,0,0,1.05913292801638
"137","BRIA.BRIA.micro_FA_AnteriorcoronaradiataL",39.7241182673962,0,0,0.199528013101581
"138","BRIA.BRIA.micro_FA_SuperiorcoronaradiataL",32.8181320511881,4.34823939904486e-233,3.65252109519769e-230,0.164840327928772
"139","BRIA.BRIA.micro_FA_PosteriorcoronaradiataL",123.750596090914,0,0,0.621579826944124
"140","BRIA.BRIA.micro_FA_PosteriorthalamicradiationL",16.6480458025934,5.08168367489271e-62,4.26861428690988e-59,0.0836205218868753
"141","BRIA.BRIA.micro_FA_SagittalstratumL",85.8884274579103,0,0,0.431404094704883
"142","BRIA.BRIA.micro_FA_ExternalcapsuleL",-156.28185074844,0,0,0.784979214737333
"143","BRIA.BRIA.micro_FA_CingulumcingulategyrusL",171.145817072111,0,0,0.859638585334486
"144","BRIA.BRIA.micro_FA_CingulumhippocampusL",-177.674200533698,0,0,0.892429631119003
"145","BRIA.BRIA.micro_FA_Fornix_StriaterminalisL",166.642429317169,0,0,0.83701877525032
"146","BRIA.BRIA.micro_FA_SuperiorlongitudinalfasciculusL",184.824479522215,0,0,0.928344360556098
"147","BRIA.BRIA.micro_FA_SuperiorfrontooccipitalfasciculusL",-115.135585690299,0,0,0.578307981449318
"148","BRIA.BRIA.micro_FA_UncinatefasciculusL",-197.962056314491,0,0,0.994332347418068
"149","BRIA.BRIA.micro_FA_TapetumL",98.5801168235085,0,0,0.495152458985097
"150","BRIA.BRIA.micro_FA_CINGL",-218.725147650213,0,0,1.09862209734219
"151","BRIA.BRIA.micro_Ax_ATRL",1.91676863036206,0.0552745139995818,1,0.00962762807765912
"152","BRIA.BRIA.micro_Ax_CSTL",36.1492449296861,1.46844516683179e-281,1.2334939401387e-278,0.181571985245609
"153","BRIA.BRIA.micro_Ax_CGL",110.317612341499,0,0,0.55410805728759
"154","BRIA.BRIA.micro_Ax_IFOFL",-250.669229532929,0,0,1.2590722084185
"155","BRIA.BRIA.micro_Ax_ILFL",7.65895330062991,1.9170395108709e-14,1.61031318913156e-11,0.0384697206927511
"156","BRIA.BRIA.micro_Ax_SLFL",-148.891366871775,0,0,0.747857973836672
"157","BRIA.BRIA.micro_Ax_UFL",-2.43693267518211,0.0148168057879569,1,0.012240330457895
"158","BRIA.BRIA.micro_Ax_SLFTL",-335.003345256824,0,0,1.68266923916439
"159","BRIA.BRIA.micro_Ax_CorticospinaltractL",41.6408282446746,0,0,0.209155346574007
"160","BRIA.BRIA.micro_Ax_MediallemniscusL",80.2068551613624,0,0,0.402866448532543
"161","BRIA.BRIA.micro_Ax_InferiorcerebellarpeduncleL",106.55358203062,0,0,0.535201923635275
"162","BRIA.BRIA.micro_Ax_SuperiorcerebellarpeduncleL",-169.684332617917,0,0,0.852297778236865
"163","BRIA.BRIA.micro_Ax_CerebralpeduncleL",77.0856113791594,0,0,0.387188930756653
"164","BRIA.BRIA.micro_Ax_AnteriorlimbofinternalcapsuleL",19.3831542530937,2.60605277033555e-83,2.18908432708186e-80,0.0973585424785987
"165","BRIA.BRIA.micro_Ax_PosteriorlimbofinternalcapsuleL",43.9699352594516,0,0,0.220854085658184
"166","BRIA.BRIA.micro_Ax_RetrolenticularpartofinternalcapsuleL",-29.8881714489417,4.03799666682441e-194,3.39191720013251e-191,0.150123595552306
"167","BRIA.BRIA.micro_Ax_AnteriorcoronaradiataL",173.479977978572,0,0,0.871362709323617
"168","BRIA.BRIA.micro_Ax_SuperiorcoronaradiataL",-25.5823167635762,3.5019677632487e-143,2.94165292112891e-140,0.128495963082484
"169","BRIA.BRIA.micro_Ax_PosteriorcoronaradiataL",-142.981415050648,0,0,0.718173213146497
"170","BRIA.BRIA.micro_Ax_PosteriorthalamicradiationL",-62.5541232087934,0,0,0.31419954575571
"171","BRIA.BRIA.micro_Ax_SagittalstratumL",-214.730994917161,0,0,1.07856009487091
"172","BRIA.BRIA.micro_Ax_ExternalcapsuleL",-246.589397583125,0,0,1.23857985268507
"173","BRIA.BRIA.micro_Ax_CingulumcingulategyrusL",51.46043731082,0,0,0.258477702156918
"174","BRIA.BRIA.micro_Ax_CingulumhippocampusL",-98.5912757629631,0,0,0.495208508587071
"175","BRIA.BRIA.micro_Ax_Fornix_StriaterminalisL",-98.3835871174271,0,0,0.494165321108158
"176","BRIA.BRIA.micro_Ax_SuperiorlongitudinalfasciculusL",-174.565913200422,0,0,0.876817191553129
"177","BRIA.BRIA.micro_Ax_SuperiorfrontooccipitalfasciculusL",-16.7594457370396,7.95549979285125e-63,6.68261982599505e-60,0.0841800662782672
"178","BRIA.BRIA.micro_Ax_UncinatefasciculusL",-167.1139830478,0,0,0.839387315649632
"179","BRIA.BRIA.micro_Ax_TapetumL",-59.6546422338751,0,0,0.299635907764877
"180","BRIA.BRIA.micro_Ax_CINGL",-234.316072621648,0,0,1.17693286716284
"181","BRIA.BRIA.micro_ADC_ATRL",-22.9053470526527,2.3125599056644e-115,1.9425503207581e-112,0.115049964257329
"182","BRIA.BRIA.micro_ADC_CSTL",-56.9914136538549,0,0,0.286258928484184
"183","BRIA.BRIA.micro_ADC_CGL",154.336516853012,0,0,0.77520810781531
"184","BRIA.BRIA.micro_ADC_IFOFL",-241.603683191836,0,0,1.21353739158651
"185","BRIA.BRIA.micro_ADC_ILFL",-24.9976368431429,7.47971227243537e-137,6.28295830884571e-134,0.125559207581981
"186","BRIA.BRIA.micro_ADC_SLFL",-167.651233281362,0,0,0.842085839274987
"187","BRIA.BRIA.micro_ADC_UFL",-100.605589097481,0,0,0.505326088408353
"188","BRIA.BRIA.micro_ADC_SLFTL",-256.773564482501,0,0,1.28973332506296
"189","BRIA.BRIA.micro_ADC_CorticospinaltractL",68.8233907997087,0,0,0.345689093178693
"190","BRIA.BRIA.micro_ADC_MediallemniscusL",71.3713127665649,0,0,0.358486905433768
"191","BRIA.BRIA.micro_ADC_InferiorcerebellarpeduncleL",123.521609874621,0,0,0.620429665109013
"192","BRIA.BRIA.micro_ADC_SuperiorcerebellarpeduncleL",-184.486103498462,0,0,0.926644750882042
"193","BRIA.BRIA.micro_ADC_CerebralpeduncleL",33.5025798460182,1.09328253368572e-242,9.18357328296002e-240,0.168278201808184
"194","BRIA.BRIA.micro_ADC_AnteriorlimbofinternalcapsuleL",15.5643942246767,1.8427114843428e-54,1.54787764684795e-51,0.0781775100425145
"195","BRIA.BRIA.micro_ADC_PosteriorlimbofinternalcapsuleL",-6.89656968672442,5.40703289499367e-12,4.54190763179468e-09,0.0346403874227236
"196","BRIA.BRIA.micro_ADC_RetrolenticularpartofinternalcapsuleL",-110.57917467934,0,0,0.555421843869844
"197","BRIA.BRIA.micro_ADC_AnteriorcoronaradiataL",106.324508649542,0,0,0.534051323985129
"198","BRIA.BRIA.micro_ADC_SuperiorcoronaradiataL",-25.6525030220711,5.9567053486339e-144,5.00363249285248e-141,0.128848497646253
"199","BRIA.BRIA.micro_ADC_PosteriorcoronaradiataL",-138.236756058383,0,0,0.694341535494187
"200","BRIA.BRIA.micro_ADC_PosteriorthalamicradiationL",-37.0765074482688,7.8425659024735e-296,6.58775535807774e-293,0.186229479383328
"201","BRIA.BRIA.micro_ADC_SagittalstratumL",-200.019487425699,0,0,1.00466650106622
"202","BRIA.BRIA.micro_ADC_ExternalcapsuleL",-186.628900640331,0,0,0.937407684707759
"203","BRIA.BRIA.micro_ADC_CingulumcingulategyrusL",-30.8028927685779,6.48860937757932e-206,5.45043187716663e-203,0.154718097215508
"204","BRIA.BRIA.micro_ADC_CingulumhippocampusL",1.97494430679643,0.0482813967633486,1,0.00991983537227419
"205","BRIA.BRIA.micro_ADC_Fornix_StriaterminalisL",-157.057088740313,0,0,0.788873113530958
"206","BRIA.BRIA.micro_ADC_SuperiorlongitudinalfasciculusL",-205.624489211834,0,0,1.03281954557914
"207","BRIA.BRIA.micro_ADC_SuperiorfrontooccipitalfasciculusL",57.0832962199949,0,0,0.28672044019697
"208","BRIA.BRIA.micro_ADC_UncinatefasciculusL",-84.2039112111489,0,0,0.422943033908237
"209","BRIA.BRIA.micro_ADC_TapetumL",-75.7538188109513,0,0,0.380499545652892
"210","BRIA.BRIA.micro_ADC_CINGL",-67.7304881125814,0,0,0.340199614464326
"211","BRIA.BRIA.Drad_extra_ATRL",25.7279186734591,8.83315644547711e-145,7.41985141420077e-142,0.129227298629992
"212","BRIA.BRIA.Drad_extra_CSTL",-156.496701075507,0,0,0.786058374218873
"213","BRIA.BRIA.Drad_extra_CGL",-2.80388311572904,0.00505157505736336,1,0.0140834649440059
"214","BRIA.BRIA.Drad_extra_IFOFL",-261.259037738907,0,0,1.31226315343189
"215","BRIA.BRIA.Drad_extra_ILFL",-104.433097116192,0,0,0.524551060627062
"216","BRIA.BRIA.Drad_extra_SLFL",-159.147216673371,0,0,0.799371498184931
"217","BRIA.BRIA.Drad_extra_UFL",-116.315541422878,0,0,0.584234713951832
"218","BRIA.BRIA.Drad_extra_SLFTL",-191.520173510735,0,0,0.961975780865358
"219","BRIA.BRIA.Drad_extra_CorticospinaltractL",-20.8525651163313,4.74578950685293e-96,3.98646318575646e-93,0.104739162685148
"220","BRIA.BRIA.Drad_extra_MediallemniscusL",15.7304383292838,1.37871486976465e-55,1.15812049060231e-52,0.0790115235266271
"221","BRIA.BRIA.Drad_extra_InferiorcerebellarpeduncleL",49.5594206570905,0,0,0.248929193786298
"222","BRIA.BRIA.Drad_extra_SuperiorcerebellarpeduncleL",-83.5643676316234,0,0,0.419730706856557
"223","BRIA.BRIA.Drad_extra_CerebralpeduncleL",-195.819616556127,0,0,0.983571208673624
"224","BRIA.BRIA.Drad_extra_AnteriorlimbofinternalcapsuleL",-59.4355198089641,0,0,0.298535290206188
"225","BRIA.BRIA.Drad_extra_PosteriorlimbofinternalcapsuleL",-146.322438767985,0,0,0.734954651051755
"226","BRIA.BRIA.Drad_extra_RetrolenticularpartofinternalcapsuleL",-118.700535490709,0,0,0.596214164934483
"227","BRIA.BRIA.Drad_extra_AnteriorcoronaradiataL",61.9422196730134,0,0,0.311126050306872
"228","BRIA.BRIA.Drad_extra_SuperiorcoronaradiataL",7.62519055437406,2.49101822902077e-14,2.09245531237744e-11,0.0383001357158977
"229","BRIA.BRIA.Drad_extra_PosteriorcoronaradiataL",-146.702781914516,0,0,0.736865054998636
"230","BRIA.BRIA.Drad_extra_PosteriorthalamicradiationL",-48.9777661214366,0,0,0.246007634318837
"231","BRIA.BRIA.Drad_extra_SagittalstratumL",-229.187576730643,0,0,1.1511732369945
"232","BRIA.BRIA.Drad_extra_ExternalcapsuleL",-215.819323885775,0,0,1.08402660051483
"233","BRIA.BRIA.Drad_extra_CingulumcingulategyrusL",-75.7932039228934,0,0,0.380697370890411
"234","BRIA.BRIA.Drad_extra_CingulumhippocampusL",-79.5371103050523,0,0,0.399502425206336
"235","BRIA.BRIA.Drad_extra_Fornix_StriaterminalisL",-102.585273786444,0,0,0.515269733976461
"236","BRIA.BRIA.Drad_extra_SuperiorlongitudinalfasciculusL",-180.594089446491,0,0,0.907095774979647
"237","BRIA.BRIA.Drad_extra_SuperiorfrontooccipitalfasciculusL",121.364242423859,0,0,0.609593546907897
"238","BRIA.BRIA.Drad_extra_UncinatefasciculusL",-134.324737289267,0,0,0.674692079036434
"239","BRIA.BRIA.Drad_extra_TapetumL",-168.145507402739,0,0,0.844568500632049
"240","BRIA.BRIA.Drad_extra_CINGL",-114.797494987701,0,0,0.576609804898651
"241","BRIA.BRIA.Dax_intra_ATRL",-61.2000717661857,0,0,0.307398357818395
"242","BRIA.BRIA.Dax_intra_CSTL",-222.115602720656,0,0,1.11565182117802
"243","BRIA.BRIA.Dax_intra_CGL",-61.2435187822122,0,0,0.307616585362799
"244","BRIA.BRIA.Dax_intra_IFOFL",-308.67378797396,0,0,1.55042000420009
"245","BRIA.BRIA.Dax_intra_ILFL",-150.996212151919,0,0,0.758430281415827
"246","BRIA.BRIA.Dax_intra_SLFL",-213.700127349848,0,0,1.07338220882968
"247","BRIA.BRIA.Dax_intra_UFL",-104.03545035831,0,0,0.522553743355428
"248","BRIA.BRIA.Dax_intra_SLFTL",-277.90988651206,0,0,1.39589775420007
"249","BRIA.BRIA.Dax_intra_CorticospinaltractL",-48.7331691068005,0,0,0.244779061893082
"250","BRIA.BRIA.Dax_intra_MediallemniscusL",10.4739450155407,1.2292590523384e-25,1.03257760396426e-22,0.0526089823874383
"251","BRIA.BRIA.Dax_intra_InferiorcerebellarpeduncleL",33.3448802774054,1.84968105205975e-240,1.55373208373019e-237,0.167486101619063
"252","BRIA.BRIA.Dax_intra_SuperiorcerebellarpeduncleL",-100.575856341016,0,0,0.505176745437882
"253","BRIA.BRIA.Dax_intra_CerebralpeduncleL",-225.743499173316,0,0,1.13387417582074
"254","BRIA.BRIA.Dax_intra_AnteriorlimbofinternalcapsuleL",-86.4472026406451,0,0,0.434210734772541
"255","BRIA.BRIA.Dax_intra_PosteriorlimbofinternalcapsuleL",-161.199659115227,0,0,0.809680594529681
"256","BRIA.BRIA.Dax_intra_RetrolenticularpartofinternalcapsuleL",-51.8115999838528,0,0,0.260241537164003
"257","BRIA.BRIA.Dax_intra_AnteriorcoronaradiataL",67.4154305047605,0,0,0.338617129534691
"258","BRIA.BRIA.Dax_intra_SuperiorcoronaradiataL",-2.54827234213377,0.0108295303186837,1,0.0127995721351258
"259","BRIA.BRIA.Dax_intra_PosteriorcoronaradiataL",-180.713742607715,0,0,0.907696774034178
"260","BRIA.BRIA.Dax_intra_PosteriorthalamicradiationL",-130.872535948038,0,0,0.657352213370824
"261","BRIA.BRIA.Dax_intra_SagittalstratumL",-273.850906091394,0,0,1.37551013242576
"262","BRIA.BRIA.Dax_intra_ExternalcapsuleL",-268.902970907391,0,0,1.3506574303576
"263","BRIA.BRIA.Dax_intra_CingulumcingulategyrusL",-94.4291079772779,0,0,0.474302592868992
"264","BRIA.BRIA.Dax_intra_CingulumhippocampusL",-185.222571086617,0,0,0.930343912021103
"265","BRIA.BRIA.Dax_intra_Fornix_StriaterminalisL",-165.117230562844,0,0,0.829357941220299
"266","BRIA.BRIA.Dax_intra_SuperiorlongitudinalfasciculusL",-226.787290296371,0,0,1.13911697485469
"267","BRIA.BRIA.Dax_intra_SuperiorfrontooccipitalfasciculusL",133.246177791736,0,0,0.669274643912869
"268","BRIA.BRIA.Dax_intra_UncinatefasciculusL",-167.258080362833,0,0,0.840111093853294
"269","BRIA.BRIA.Dax_intra_TapetumL",-159.911562624028,0,0,0.803210687964562
"270","BRIA.BRIA.Dax_intra_CINGL",-183.756236347861,0,0,0.922978742705167
"271","BRIA.BRIA.Dax_extra_ATRL",-14.967095905214,1.65592147264221e-50,1.39097403701946e-47,0.0751773743036016
"272","BRIA.BRIA.Dax_extra_CSTL",-110.937858948999,0,0,0.557223458676591
"273","BRIA.BRIA.Dax_extra_CGL",6.08568505036741,1.17055546597539e-09,9.8326659141933e-07,0.0305674411270203
"274","BRIA.BRIA.Dax_extra_IFOFL",-273.99767602451,0,0,1.3762473347707
"275","BRIA.BRIA.Dax_extra_ILFL",-72.8671883314577,0,0,0.366000453684258
"276","BRIA.BRIA.Dax_extra_SLFL",-187.838955856525,0,0,0.943485602193675
"277","BRIA.BRIA.Dax_extra_UFL",-122.788975513713,0,0,0.616749757668948
"278","BRIA.BRIA.Dax_extra_SLFTL",-302.631605541254,0,0,1.52007106989576
"279","BRIA.BRIA.Dax_extra_CorticospinaltractL",-48.7070687042611,0,0,0.244647963666436
"280","BRIA.BRIA.Dax_extra_MediallemniscusL",24.6652199474877,2.56749569740668e-133,2.15669638582161e-130,0.12388952967333
"281","BRIA.BRIA.Dax_extra_InferiorcerebellarpeduncleL",95.7841526927182,0,0,0.481108769859903
"282","BRIA.BRIA.Dax_extra_SuperiorcerebellarpeduncleL",-179.999648375423,0,0,0.904109990751084
"283","BRIA.BRIA.Dax_extra_CerebralpeduncleL",-88.8191421828898,0,0,0.446124614921505
"284","BRIA.BRIA.Dax_extra_AnteriorlimbofinternalcapsuleL",4.51957181177128,6.21437869548978e-06,0.00522007810421141,0.0227011000622505
"285","BRIA.BRIA.Dax_extra_PosteriorlimbofinternalcapsuleL",-58.5062645617453,0,0,0.293867786905211
"286","BRIA.BRIA.Dax_extra_RetrolenticularpartofinternalcapsuleL",-70.8620269812876,0,0,0.355928842844357
"287","BRIA.BRIA.Dax_extra_AnteriorcoronaradiataL",192.506447253522,0,0,0.966929679123036
"288","BRIA.BRIA.Dax_extra_SuperiorcoronaradiataL",6.51197471915398,7.50543559912248e-11,6.30456590326288e-08,0.0327086272459168
"289","BRIA.BRIA.Dax_extra_PosteriorcoronaradiataL",-210.616074430094,0,0,1.0578914949204
"290","BRIA.BRIA.Dax_extra_PosteriorthalamicradiationL",-50.1750560347204,0,0,0.252021433691205
"291","BRIA.BRIA.Dax_extra_SagittalstratumL",-263.09036201152,0,0,1.32146160790731
"292","BRIA.BRIA.Dax_extra_ExternalcapsuleL",-276.623093979962,0,0,1.38943439721691
"293","BRIA.BRIA.Dax_extra_CingulumcingulategyrusL",-43.1703605732649,0,0,0.216837947467593
"294","BRIA.BRIA.Dax_extra_CingulumhippocampusL",-141.77337841719,0,0,0.712105434684936
"295","BRIA.BRIA.Dax_extra_Fornix_StriaterminalisL",-149.003599475951,0,0,0.748421700597474
"296","BRIA.BRIA.Dax_extra_SuperiorlongitudinalfasciculusL",-226.714556295416,0,0,1.13875164338027
"297","BRIA.BRIA.Dax_extra_SuperiorfrontooccipitalfasciculusL",97.7867628858522,0,0,0.491167566638308
"298","BRIA.BRIA.Dax_extra_UncinatefasciculusL",-152.16098782384,0,0,0.764280766855502
"299","BRIA.BRIA.Dax_extra_TapetumL",-152.426950685486,0,0,0.765616656578357
"300","BRIA.BRIA.Dax_extra_CINGL",-214.909454352042,0,0,1.07945646861094
"301","DKI.DKI.MK_ATRL",1.12750607951966,0.259535396851185,1,0.00566328612486572
"302","DKI.DKI.MK_CSTL",174.291101926121,0,0,0.875436857641872
"303","DKI.DKI.MK_CGL",123.990807447251,0,0,0.622786370896378
"304","DKI.DKI.MK_IFOFL",-64.2712559801808,0,0,0.322824434237816
"305","DKI.DKI.MK_ILFL",95.9422365351919,0,0,0.48190280019633
"306","DKI.DKI.MK_SLFL",5.76622142661642,8.16692957453784e-09,6.86022084261178e-06,0.0289628254707122
"307","DKI.DKI.MK_UFL",253.8540016136,0,0,1.27506881886963
"308","DKI.DKI.MK_SLFTL",-238.670044675439,0,0,1.19880218562436
"309","DKI.DKI.MK_CorticospinaltractL",8.83459249970071,1.04495965616303e-18,8.77766111176945e-16,0.044374771924746
"310","DKI.DKI.MK_MediallemniscusL",23.0809357596422,4.27090491351665e-117,3.58756012735399e-114,0.115931918781602
"311","DKI.DKI.MK_InferiorcerebellarpeduncleL",-36.1184828882858,4.31082943545795e-281,3.62109672578468e-278,0.181417472338404
"312","DKI.DKI.MK_SuperiorcerebellarpeduncleL",53.0471150878009,0,0,0.266447335671309
"313","DKI.DKI.MK_CerebralpeduncleL",94.0556505701764,0,0,0.472426774910858
"314","DKI.DKI.MK_AnteriorlimbofinternalcapsuleL",-79.535922999165,0,0,0.399496461555161
"315","DKI.DKI.MK_PosteriorlimbofinternalcapsuleL",3.63878358055589,0.000274276628700587,0.230392368108493,0.0182770389778758
"316","DKI.DKI.MK_RetrolenticularpartofinternalcapsuleL",105.43072060032,0,0,0.529561966854658
"317","DKI.DKI.MK_AnteriorcoronaradiataL",-17.9565286679046,8.22439891956686e-72,6.90849509243616e-69,0.0901928260104208
"318","DKI.DKI.MK_SuperiorcoronaradiataL",-27.1250183251535,1.46923544825998e-160,1.23415777653838e-157,0.136244710967034
"319","DKI.DKI.MK_PosteriorcoronaradiataL",130.368889887747,0,0,0.654822478235101
"320","DKI.DKI.MK_PosteriorthalamicradiationL",-12.5305215078837,5.94713456027531e-36,4.99559303063126e-33,0.0629388434191251
"321","DKI.DKI.MK_SagittalstratumL",-11.1968031944014,4.6740370825965e-29,3.92619114938106e-26,0.056239785599017
"322","DKI.DKI.MK_ExternalcapsuleL",-68.6088742672913,0,0,0.344611610295306
"323","DKI.DKI.MK_CingulumcingulategyrusL",195.173285590586,0,0,0.980324789646972
"324","DKI.DKI.MK_CingulumhippocampusL",-53.922538840032,0,0,0.270844451819456
"325","DKI.DKI.MK_Fornix_StriaterminalisL",79.6621869882913,0,0,0.400130665760955
"326","DKI.DKI.MK_SuperiorlongitudinalfasciculusL",101.392187692998,0,0,0.509277049731536
"327","DKI.DKI.MK_SuperiorfrontooccipitalfasciculusL",-188.939148559411,0,0,0.949011697513354
"328","DKI.DKI.MK_UncinatefasciculusL",-62.1366708968878,0,0,0.312102748293808
"329","DKI.DKI.MK_TapetumL",150.875729375898,0,0,0.757825115336345
"330","DKI.DKI.MK_CINGL",-271.406679756201,0,0,1.36323316705805
"331","DKI.DKI.RK_ATRL",-115.543208301737,0,0,0.580355405868102
"332","DKI.DKI.RK_CSTL",84.8916973992211,0,0,0.426397676013089
"333","DKI.DKI.RK_CGL",148.106536174268,0,0,0.743915892387798
"334","DKI.DKI.RK_IFOFL",-100.720899327086,0,0,0.505905273598783
"335","DKI.DKI.RK_ILFL",255.073915223873,0,0,1.28119625352217
"336","DKI.DKI.RK_SLFL",-50.598059376394,0,0,0.254146113104634
"337","DKI.DKI.RK_UFL",111.704630322559,0,0,0.561074830974906
"338","DKI.DKI.RK_SLFTL",-364.521556486449,0,0,1.83093458258408
"339","DKI.DKI.RK_CorticospinaltractL",-38.4683602717794,6.92080239775376e-318,5.81347401411316e-315,0.193220537725654
"340","DKI.DKI.RK_MediallemniscusL",19.8517089306717,2.83263126089629e-87,2.37941025915289e-84,0.0997120191049954
"341","DKI.DKI.RK_InferiorcerebellarpeduncleL",-10.0744703110443,7.65443595973256e-24,6.42972620617535e-21,0.0506024836267612
"342","DKI.DKI.RK_SuperiorcerebellarpeduncleL",16.8035284831276,3.80653205531624e-63,3.19748692646564e-60,0.0844014869950201
"343","DKI.DKI.RK_CerebralpeduncleL",64.2272275163579,0,0,0.32260328617237
"344","DKI.DKI.RK_AnteriorlimbofinternalcapsuleL",-103.760384261517,0,0,0.521172129510776
"345","DKI.DKI.RK_PosteriorlimbofinternalcapsuleL",-71.6958466172377,0,0,0.360116988044366
"346","DKI.DKI.RK_RetrolenticularpartofinternalcapsuleL",100.136784496654,0,0,0.50297135645669
"347","DKI.DKI.RK_AnteriorcoronaradiataL",-88.5864297006543,0,0,0.444955736637237
"348","DKI.DKI.RK_SuperiorcoronaradiataL",18.7684697409785,2.99091200884005e-78,2.51236608742564e-75,0.0942710786219833
"349","DKI.DKI.RK_PosteriorcoronaradiataL",2.16367411856466,0.0304953236988324,1,0.0108677956039311
"350","DKI.DKI.RK_PosteriorthalamicradiationL",16.5836343567711,1.47657705908455e-61,1.24032472963103e-58,0.0832969933010552
"351","DKI.DKI.RK_SagittalstratumL",20.8960803938026,1.92847728865658e-96,1.61992092247153e-93,0.104957733096074
"352","DKI.DKI.RK_ExternalcapsuleL",-58.6518519809676,0,0,0.294599049668407
"353","DKI.DKI.RK_CingulumcingulategyrusL",375.358835706933,0,0,1.8853685356736
"354","DKI.DKI.RK_CingulumhippocampusL",-89.4533149727008,0,0,0.449309965339163
"355","DKI.DKI.RK_Fornix_StriaterminalisL",81.2544092279249,0,0,0.408128148241288
"356","DKI.DKI.RK_SuperiorlongitudinalfasciculusL",62.9161253602133,0,0,0.316017825761951
"357","DKI.DKI.RK_SuperiorfrontooccipitalfasciculusL",-271.482740335286,0,0,1.36361520741243
"358","DKI.DKI.RK_UncinatefasciculusL",-140.48960616499,0,0,0.705657248093805
"359","DKI.DKI.RK_TapetumL",198.249472147076,0,0,0.995775992047851
"360","DKI.DKI.RK_CINGL",-256.448623124195,0,0,1.28810119560546
"361","DKI.DKI.AK_ATRL",66.5043313288538,0,0,0.334040821331112
"362","DKI.DKI.AK_CSTL",5.35023990416677,8.8324076393434e-08,7.41922241704846e-05,0.0268734155534754
"363","DKI.DKI.AK_CGL",-320.608933909169,0,0,1.61036836953573
"364","DKI.DKI.AK_IFOFL",229.44715063726,0,0,1.15247703599871
"365","DKI.DKI.AK_ILFL",-72.7287851104781,0,0,0.365305276021588
"366","DKI.DKI.AK_SLFL",20.83686655865,6.5645435889587e-96,5.5142166147253e-93,0.104660311293111
"367","DKI.DKI.AK_UFL",274.976015706626,0,0,1.38116138148653
"368","DKI.DKI.AK_SLFTL",145.250696633621,0,0,0.729571458473711
"369","DKI.DKI.AK_CorticospinaltractL",-139.985498524436,0,0,0.703125194512853
"370","DKI.DKI.AK_MediallemniscusL",106.145303223398,0,0,0.533151203248027
"371","DKI.DKI.AK_InferiorcerebellarpeduncleL",-64.4316151032382,0,0,0.323629892951616
"372","DKI.DKI.AK_SuperiorcerebellarpeduncleL",-16.9211832888245,5.27309808542523e-64,4.42940239175719e-61,0.0849924486232782
"373","DKI.DKI.AK_CerebralpeduncleL",40.7994005732833,0,0,0.204928987405719
"374","DKI.DKI.AK_AnteriorlimbofinternalcapsuleL",70.6444067071837,0,0,0.354835770353475
"375","DKI.DKI.AK_PosteriorlimbofinternalcapsuleL",63.5345234288414,0,0,0.319123942230252
"376","DKI.DKI.AK_RetrolenticularpartofinternalcapsuleL",36.1163239698319,4.64912101274029e-281,3.90526165070184e-278,0.181406628429764
"377","DKI.DKI.AK_AnteriorcoronaradiataL",117.80275001596,0,0,0.591704729362821
"378","DKI.DKI.AK_SuperiorcoronaradiataL",-46.342454936498,0,0,0.232770879733234
"379","DKI.DKI.AK_PosteriorcoronaradiataL",181.645303482084,0,0,0.912375858138559
"380","DKI.DKI.AK_PosteriorthalamicradiationL",63.598903212612,0,0,0.319447311782556
"381","DKI.DKI.AK_SagittalstratumL",197.50081509591,0,0,0.992015605148685
"382","DKI.DKI.AK_ExternalcapsuleL",60.5941090309702,0,0,0.304354702078636
"383","DKI.DKI.AK_CingulumcingulategyrusL",-83.7247800708383,0,0,0.420536433369046
"384","DKI.DKI.AK_CingulumhippocampusL",42.5122472052184,0,0,0.213532347281887
"385","DKI.DKI.AK_Fornix_StriaterminalisL",57.6697734582212,0,0,0.28966622334274
"386","DKI.DKI.AK_SuperiorlongitudinalfasciculusL",76.9145202319718,0,0,0.386329566769575
"387","DKI.DKI.AK_SuperiorfrontooccipitalfasciculusL",135.484666739608,0,0,0.68051822266552
"388","DKI.DKI.AK_UncinatefasciculusL",-17.6822650528279,1.0649124114105e-69,8.94526425584824e-67,0.0888152429055152
"389","DKI.DKI.AK_TapetumL",-61.1936904760828,0,0,0.307366305599464
"390","DKI.DKI.AK_CINGL",27.4113656102991,6.82378611978065e-164,5.73198034061575e-161,0.137682988450692
"391","DTI.DTI.FA_ATRL",-180.917048770444,0,0,0.908717948989578
"392","DTI.DTI.FA_CSTL",269.747792015813,0,0,1.35490083422764
"393","DTI.DTI.FA_CGL",149.278336963181,0,0,0.749801663887845
"394","DTI.DTI.FA_IFOFL",-38.9973268237947,0,0,0.195877453718357
"395","DTI.DTI.FA_ILFL",725.47809588234,0,0,3.64396264369513
"396","DTI.DTI.FA_SLFL",198.526667992421,0,0,0.997168303285306
"397","DTI.DTI.FA_UFL",-57.6988685103111,0,0,0.289812363224197
"398","DTI.DTI.FA_SLFTL",-301.17532311071,0,0,1.5127563917467
"399","DTI.DTI.FA_CorticospinaltractL",22.5342483919594,9.67504254156428e-112,8.127035734914e-109,0.113185993912304
"400","DTI.DTI.FA_MediallemniscusL",-45.8200101228697,0,0,0.23014672140914
"401","DTI.DTI.FA_InferiorcerebellarpeduncleL",-52.3366356383773,0,0,0.262878708875397
"402","DTI.DTI.FA_SuperiorcerebellarpeduncleL",146.244013496098,0,0,0.734560733216486
"403","DTI.DTI.FA_CerebralpeduncleL",27.7222052024514,1.50604798003437e-167,1.26508030322887e-164,0.139244286949451
"404","DTI.DTI.FA_AnteriorlimbofinternalcapsuleL",-183.10691280402,0,0,0.919717292427261
"405","DTI.DTI.FA_PosteriorlimbofinternalcapsuleL",98.2362692275066,0,0,0.493425366462157
"406","DTI.DTI.FA_RetrolenticularpartofinternalcapsuleL",135.042986610447,0,0,0.678299732679039
"407","DTI.DTI.FA_AnteriorcoronaradiataL",-183.271781217744,0,0,0.920545400600539
"408","DTI.DTI.FA_SuperiorcoronaradiataL",129.134385620681,0,0,0.64862175700285
"409","DTI.DTI.FA_PosteriorcoronaradiataL",-129.815779124963,0,0,0.652044289660073
"410","DTI.DTI.FA_PosteriorthalamicradiationL",45.9546282138993,0,0,0.230822886957994
"411","DTI.DTI.FA_SagittalstratumL",118.240106201228,0,0,0.593901500857583
"412","DTI.DTI.FA_ExternalcapsuleL",170.711284598253,0,0,0.857455996899087
"413","DTI.DTI.FA_CingulumcingulategyrusL",388.09357172761,0,0,1.94933311654799
"414","DTI.DTI.FA_CingulumhippocampusL",-38.2514194137203,2.12457997761069e-314,1.78464718119298e-311,0.192130877834962
"415","DTI.DTI.FA_Fornix_StriaterminalisL",74.3612374893887,0,0,0.373504828179157
"416","DTI.DTI.FA_SuperiorlongitudinalfasciculusL",114.28399551493,0,0,0.574030577618109
"417","DTI.DTI.FA_SuperiorfrontooccipitalfasciculusL",-353.280700383856,0,0,1.77447352613939
"418","DTI.DTI.FA_UncinatefasciculusL",-129.876889291375,0,0,0.652351236437403
"419","DTI.DTI.FA_TapetumL",253.454224895175,0,0,1.27306080314037
"420","DTI.DTI.FA_CINGL",-118.655954529836,0,0,0.595990241763045
"421","DTI.DTI.MD_ATRL",-77.9423460499234,0,0,0.391492174581028
"422","DTI.DTI.MD_CSTL",-123.929049320332,0,0,0.622476169515083
"423","DTI.DTI.MD_CGL",132.363050231921,0,0,0.664838832748012
"424","DTI.DTI.MD_IFOFL",-249.924175989247,0,0,1.25532992137202
"425","DTI.DTI.MD_ILFL",-14.7380031630659,4.95676144654117e-49,4.16367961509458e-46,0.0740266774058209
"426","DTI.DTI.MD_SLFL",-169.837843202739,0,0,0.853068837817682
"427","DTI.DTI.MD_UFL",-112.158234589898,0,0,0.563353214036481
"428","DTI.DTI.MD_SLFTL",-258.434758285023,0,0,1.29807724088163
"429","DTI.DTI.MD_CorticospinaltractL",51.557850257046,0,0,0.258966992101127
"430","DTI.DTI.MD_MediallemniscusL",28.8820210313205,1.53857913801231e-181,1.29240647593034e-178,0.145069859875713
"431","DTI.DTI.MD_InferiorcerebellarpeduncleL",106.99667680804,0,0,0.537427519177991
"432","DTI.DTI.MD_SuperiorcerebellarpeduncleL",-168.574240752933,0,0,0.846721960979212
"433","DTI.DTI.MD_CerebralpeduncleL",-144.206583983288,0,0,0.724327044458708
"434","DTI.DTI.MD_AnteriorlimbofinternalcapsuleL",-55.1917328650628,0,0,0.277219414262931
"435","DTI.DTI.MD_PosteriorlimbofinternalcapsuleL",-130.829177888022,0,0,0.657134432638497
"436","DTI.DTI.MD_RetrolenticularpartofinternalcapsuleL",-115.741507392934,0,0,0.581351431088853
"437","DTI.DTI.MD_AnteriorcoronaradiataL",61.5617020608166,0,0,0.309214770046325
"438","DTI.DTI.MD_SuperiorcoronaradiataL",-17.7500013916751,3.22557145528782e-70,2.70948002244177e-67,0.0891554719073014
"439","DTI.DTI.MD_PosteriorcoronaradiataL",-132.461984321939,0,0,0.665335763158809
"440","DTI.DTI.MD_PosteriorthalamicradiationL",-24.8220568331649,5.58563220467397e-135,4.69193105192614e-132,0.124677296741429
"441","DTI.DTI.MD_SagittalstratumL",-177.675533706517,0,0,0.892436327436889
"442","DTI.DTI.MD_ExternalcapsuleL",-168.54779121364,0,0,0.846589109093433
"443","DTI.DTI.MD_CingulumcingulategyrusL",-9.84509626604194,7.64493257432766e-23,6.42174336243523e-20,0.0494503737888998
"444","DTI.DTI.MD_CingulumhippocampusL",-21.0415102939831,9.38432439153834e-98,7.88283248889221e-95,0.105688204665846
"445","DTI.DTI.MD_Fornix_StriaterminalisL",-175.804794943076,0,0,0.883039900158407
"446","DTI.DTI.MD_SuperiorlongitudinalfasciculusL",-199.713977432426,0,0,1.00313197230638
"447","DTI.DTI.MD_SuperiorfrontooccipitalfasciculusL",59.9350003791846,0,0,0.301044102738868
"448","DTI.DTI.MD_UncinatefasciculusL",-37.5169895340147,9.9220268923033e-303,8.33450258953477e-300,0.188441951785712
"449","DTI.DTI.MD_TapetumL",-52.4381071412272,0,0,0.263388384312714
"450","DTI.DTI.MD_CINGL",-44.3604199631543,0,0,0.222815429055459
"451","DTI.DTI.RD_ATRL",31.2613374643205,5.94245453024031e-212,4.99166180540186e-209,0.157020792989465
"452","DTI.DTI.RD_CSTL",-197.304196693168,0,0,0.99102802176234
"453","DTI.DTI.RD_CGL",-18.9033729537108,2.39317830854035e-79,2.0102697791739e-76,0.094948676292401
"454","DTI.DTI.RD_IFOFL",-172.173336141787,0,0,0.864799652397486
"455","DTI.DTI.RD_ILFL",-244.1165097325,0,0,1.22615892502251
"456","DTI.DTI.RD_SLFL",-179.714615805024,0,0,0.902678316873315
"457","DTI.DTI.RD_UFL",-38.9744212616883,0,0,0.195762402673924
"458","DTI.DTI.RD_SLFTL",-45.1354966322181,0,0,0.22670851754993
"459","DTI.DTI.RD_CorticospinaltractL",19.6574169854472,1.27948343357809e-85,1.0747660842056e-82,0.0987361211497205
"460","DTI.DTI.RD_MediallemniscusL",40.0260866714163,0,0,0.201044753014293
"461","DTI.DTI.RD_InferiorcerebellarpeduncleL",98.820123031644,0,0,0.49635797251013
"462","DTI.DTI.RD_SuperiorcerebellarpeduncleL",-184.934310335477,0,0,0.928896023497996
"463","DTI.DTI.RD_CerebralpeduncleL",-98.8676689231868,0,0,0.496596788063109
"464","DTI.DTI.RD_AnteriorlimbofinternalcapsuleL",22.6785365684044,3.84027747907521e-113,3.22583308242318e-110,0.113910730782893
"465","DTI.DTI.RD_PosteriorlimbofinternalcapsuleL",-118.573097104138,0,0,0.595574061914598
"466","DTI.DTI.RD_RetrolenticularpartofinternalcapsuleL",-150.687486458555,0,0,0.756879600698994
"467","DTI.DTI.RD_AnteriorcoronaradiataL",152.164651762221,0,0,0.764299170243093
"468","DTI.DTI.RD_SuperiorcoronaradiataL",-54.2875014581883,0,0,0.272677601785604
"469","DTI.DTI.RD_PosteriorcoronaradiataL",-47.5163837381942,0,0,0.238667339907591
"470","DTI.DTI.RD_PosteriorthalamicradiationL",-33.2755845300395,1.75040580041653e-239,1.47034087234989e-236,0.167138039952966
"471","DTI.DTI.RD_SagittalstratumL",-171.768775371599,0,0,0.862767607126875
"472","DTI.DTI.RD_ExternalcapsuleL",-191.185966671433,0,0,0.960297112350632
"473","DTI.DTI.RD_CingulumcingulategyrusL",-279.836943125156,0,0,1.40557705720076
"474","DTI.DTI.RD_CingulumhippocampusL",7.35567333537612,1.93635033920997e-13,1.62653428493637e-10,0.0369463930137487
"475","DTI.DTI.RD_Fornix_StriaterminalisL",-154.189051441282,0,0,0.774467412190402
"476","DTI.DTI.RD_SuperiorlongitudinalfasciculusL",-174.688147124603,0,0,0.877431153375045
"477","DTI.DTI.RD_SuperiorfrontooccipitalfasciculusL",185.168581960324,0,0,0.930072733110954
"478","DTI.DTI.RD_UncinatefasciculusL",53.6670708592553,0,0,0.269561276236494
"479","DTI.DTI.RD_TapetumL",-119.85190075928,0,0,0.601997292022311
"480","DTI.DTI.RD_CINGL",-2.35131540809226,0.0187120376529288,1,0.0118102883591732
"481","DTI.DTI.AD_ATRL",-222.155602947585,0,0,1.11585273604162
"482","DTI.DTI.AD_CSTL",18.7273274158378,6.43848655529783e-78,5.40832870645017e-75,0.0940644271782838
"483","DTI.DTI.AD_CGL",276.846899753935,0,0,1.39055853850308
"484","DTI.DTI.AD_IFOFL",-314.322502506772,0,0,1.57879261098079
"485","DTI.DTI.AD_ILFL",353.431912115712,0,0,1.77523303894246
"486","DTI.DTI.AD_SLFL",-127.760694483073,0,0,0.641721921959132
"487","DTI.DTI.AD_UFL",-203.75356594914,0,0,1.02342219158985
"488","DTI.DTI.AD_SLFTL",-444.886428659863,0,0,2.23459472577432
"489","DTI.DTI.AD_CorticospinaltractL",85.6499238792069,0,0,0.430206128651717
"490","DTI.DTI.AD_MediallemniscusL",10.1649478142757,3.04435137373047e-24,2.5572551539336e-21,0.0510569379290226
"491","DTI.DTI.AD_InferiorcerebellarpeduncleL",93.972232119458,0,0,0.472007777121766
"492","DTI.DTI.AD_SuperiorcerebellarpeduncleL",-111.51687704198,0,0,0.560131775706184
"493","DTI.DTI.AD_CerebralpeduncleL",-141.045224072292,0,0,0.708448029662357
"494","DTI.DTI.AD_AnteriorlimbofinternalcapsuleL",-162.071510210094,0,0,0.814059765780464
"495","DTI.DTI.AD_PosteriorlimbofinternalcapsuleL",-89.7321523298621,0,0,0.45071052163291
"496","DTI.DTI.AD_RetrolenticularpartofinternalcapsuleL",-27.3463329175663,3.92601966410217e-163,3.29785651784582e-160,0.137356339439123
"497","DTI.DTI.AD_AnteriorcoronaradiataL",-95.0111077586145,0,0,0.477225886451348
"498","DTI.DTI.AD_SuperiorcoronaradiataL",34.0449225143408,1.99323302141528e-250,1.67431573798884e-247,0.171002303934306
"499","DTI.DTI.AD_PosteriorcoronaradiataL",-213.683218235668,0,0,1.0732972770023
"500","DTI.DTI.AD_PosteriorthalamicradiationL",-3.47705558468558,0.000507495699935709,0.426296387945996,0.0174647046307237
"501","DTI.DTI.AD_SagittalstratumL",-117.646471632979,0,0,0.590919767566131
"502","DTI.DTI.AD_ExternalcapsuleL",-103.717752342778,0,0,0.520957996072151
"503","DTI.DTI.AD_CingulumcingulategyrusL",282.101505041755,0,0,1.41695159638431
"504","DTI.DTI.AD_CingulumhippocampusL",-48.7791935415268,0,0,0.245010235407199
"505","DTI.DTI.AD_Fornix_StriaterminalisL",-157.835909723365,0,0,0.792785009127085
"506","DTI.DTI.AD_SuperiorlongitudinalfasciculusL",-148.861741040813,0,0,0.747709167936226
"507","DTI.DTI.AD_SuperiorfrontooccipitalfasciculusL",-151.071956312452,0,0,0.758810732449461
"508","DTI.DTI.AD_UncinatefasciculusL",-156.573348961546,0,0,0.786443364523921
"509","DTI.DTI.AD_TapetumL",48.8288447578911,0,0,0.245259625676418
"510","DTI.DTI.AD_CINGL",-96.1420915183034,0,0,0.482906640418034
"511","SMT.SMT.smt_fa_ATRL",61.2518880132873,0,0,0.307658622697288
"512","SMT.SMT.smt_fa_CSTL",193.975923842472,0,0,0.974310629459556
"513","SMT.SMT.smt_fa_CGL",82.9074153004599,0,0,0.416430938376944
"514","SMT.SMT.smt_fa_IFOFL",-165.417911450109,0,0,0.830868214138393
"515","SMT.SMT.smt_fa_ILFL",51.0251720588685,0,0,0.256291433092129
"516","SMT.SMT.smt_fa_SLFL",-40.919427252708,0,0,0.205531862583572
"517","SMT.SMT.smt_fa_UFL",134.777714406385,0,0,0.676967312020861
"518","SMT.SMT.smt_fa_SLFTL",-253.724335667823,0,0,1.27441752716937
"519","SMT.SMT.smt_fa_CorticospinaltractL",34.9015385384356,6.88064753651762e-263,5.7797439306748e-260,0.175304951815076
"520","SMT.SMT.smt_fa_MediallemniscusL",80.155979481934,0,0,0.402610907977491
"521","SMT.SMT.smt_fa_InferiorcerebellarpeduncleL",-26.5419617077574,7.07649243929216e-154,5.94425364900542e-151,0.133316109062976
"522","SMT.SMT.smt_fa_SuperiorcerebellarpeduncleL",51.5625319476475,0,0,0.258990507498433
"523","SMT.SMT.smt_fa_CerebralpeduncleL",189.432562611434,0,0,0.951490038876997
"524","SMT.SMT.smt_fa_AnteriorlimbofinternalcapsuleL",-42.0957785890672,0,0,0.211440490769407
"525","SMT.SMT.smt_fa_PosteriorlimbofinternalcapsuleL",187.681985940723,0,0,0.942697166936138
"526","SMT.SMT.smt_fa_RetrolenticularpartofinternalcapsuleL",88.0394394403262,0,0,0.442208290385707
"527","SMT.SMT.smt_fa_AnteriorcoronaradiataL",29.6404283560694,5.52233566958607e-191,4.6387619624523e-188,0.148879220869195
"528","SMT.SMT.smt_fa_SuperiorcoronaradiataL",-27.2611764361059,3.85843375239473e-162,3.24108435201158e-159,0.136928611794328
"529","SMT.SMT.smt_fa_PosteriorcoronaradiataL",38.4962016276679,2.46212673948527e-318,2.06818646116763e-315,0.193360380487803
"530","SMT.SMT.smt_fa_PosteriorthalamicradiationL",-81.672334430809,0,0,0.410227320960366
"531","SMT.SMT.smt_fa_SagittalstratumL",-93.2600160771821,0,0,0.468430427692439
"532","SMT.SMT.smt_fa_ExternalcapsuleL",-148.287828827669,0,0,0.744826496939916
"533","SMT.SMT.smt_fa_CingulumcingulategyrusL",132.266852794562,0,0,0.664355648114111
"534","SMT.SMT.smt_fa_CingulumhippocampusL",-77.2607975181499,0,0,0.388068863245037
"535","SMT.SMT.smt_fa_Fornix_StriaterminalisL",68.9902791676294,0,0,0.346527347264958
"536","SMT.SMT.smt_fa_SuperiorlongitudinalfasciculusL",9.75364423202577,1.88624724557923e-22,1.58444768628656e-19,0.0489910245714287
"537","SMT.SMT.smt_fa_SuperiorfrontooccipitalfasciculusL",-122.393737819035,0,0,0.61476454074378
"538","SMT.SMT.smt_fa_UncinatefasciculusL",-177.419150276239,0,0,0.89114855369472
"539","SMT.SMT.smt_fa_TapetumL",55.7952536316859,0,0,0.280250804377604
"540","SMT.SMT.smt_fa_CINGL",-236.720981211709,0,0,1.18901234566594
"541","SMT.SMT.smt_long_ATRL",26.5174613912983,1.34144019145924e-153,1.12680976082576e-150,0.133193047817657
"542","SMT.SMT.smt_long_CSTL",-45.0770043951575,0,0,0.226414720220961
"543","SMT.SMT.smt_long_CGL",89.8692782706354,0,0,0.451399283717518
"544","SMT.SMT.smt_long_IFOFL",-308.185132074029,0,0,1.54796556228783
"545","SMT.SMT.smt_long_ILFL",-37.6893667864082,1.89051898501607e-305,1.5880359474135e-302,0.189307775677445
"546","SMT.SMT.smt_long_SLFL",-183.50531523952,0,0,0.921718405349016
"547","SMT.SMT.smt_long_UFL",-20.0927576006516,2.38256049199226e-89,2.0013508132735e-86,0.100922768752304
"548","SMT.SMT.smt_long_SLFTL",-359.081852561237,0,0,1.80361180329034
"549","SMT.SMT.smt_long_CorticospinaltractL",87.3334642222424,0,0,0.438662287637074
"550","SMT.SMT.smt_long_MediallemniscusL",93.4280433157084,0,0,0.469274402147057
"551","SMT.SMT.smt_long_InferiorcerebellarpeduncleL",103.390748472227,0,0,0.519315506939273
"552","SMT.SMT.smt_long_SuperiorcerebellarpeduncleL",-127.086289333672,0,0,0.63833449071195
"553","SMT.SMT.smt_long_CerebralpeduncleL",17.0184410272317,1.0185974393594e-64,8.55621849061899e-62,0.085480958982972
"554","SMT.SMT.smt_long_AnteriorlimbofinternalcapsuleL",-19.2430675126736,3.82931747141214e-82,3.2166266759862e-79,0.0966549087619299
"555","SMT.SMT.smt_long_PosteriorlimbofinternalcapsuleL",8.70502237480196,3.29520184745238e-18,2.76796955186e-15,0.043723961517718
"556","SMT.SMT.smt_long_RetrolenticularpartofinternalcapsuleL",-66.4504748944361,0,0,0.333770308911433
"557","SMT.SMT.smt_long_AnteriorcoronaradiataL",94.8028777194767,0,0,0.476179979637321
"558","SMT.SMT.smt_long_SuperiorcoronaradiataL",-45.0638949279252,0,0,0.226348873424006
"559","SMT.SMT.smt_long_PosteriorcoronaradiataL",-194.669077028715,0,0,0.97779222915407
"560","SMT.SMT.smt_long_PosteriorthalamicradiationL",-141.363555293325,0,0,0.710046957437503
"561","SMT.SMT.smt_long_SagittalstratumL",-259.926508741474,0,0,1.30557006935967
"562","SMT.SMT.smt_long_ExternalcapsuleL",-225.614415915674,0,0,1.13322581087155
"563","SMT.SMT.smt_long_CingulumcingulategyrusL",19.7649841326851,1.55888346299586e-86,1.30946210891653e-83,0.0992764140523572
"564","SMT.SMT.smt_long_CingulumhippocampusL",-76.8266113625532,0,0,0.385888014311918
"565","SMT.SMT.smt_long_Fornix_StriaterminalisL",-101.292203788547,0,0,0.508774846267558
"566","SMT.SMT.smt_long_SuperiorlongitudinalfasciculusL",-225.379230050497,0,0,1.13204450917286
"567","SMT.SMT.smt_long_SuperiorfrontooccipitalfasciculusL",14.0556262146877,9.11613245185448e-45,7.65755125955776e-42,0.0705992050632106
"568","SMT.SMT.smt_long_UncinatefasciculusL",-158.278383877293,0,0,0.795007487375382
"569","SMT.SMT.smt_long_TapetumL",-143.73140796348,0,0,0.721940309869216
"570","SMT.SMT.smt_long_CINGL",-251.249122409156,0,0,1.26198491934708
"571","SMT.SMT.smt_md_ATRL",-4.65358343537022,3.27269410046353e-06,0.00274906304438936,0.0233742194203432
"572","SMT.SMT.smt_md_CSTL",-118.379168320409,0,0,0.594599988062535
"573","SMT.SMT.smt_md_CGL",79.1597293418112,0,0,0.397606899841343
"574","SMT.SMT.smt_md_IFOFL",-300.984065987449,0,0,1.51179573722596
"575","SMT.SMT.smt_md_ILFL",-65.9775880724255,0,0,0.331395072603288
"576","SMT.SMT.smt_md_SLFL",-190.257737334981,0,0,0.955634762038458
"577","SMT.SMT.smt_md_UFL",-94.5533645633828,0,0,0.474926714204384
"578","SMT.SMT.smt_md_SLFTL",-306.594863930075,0,0,1.53997789492349
"579","SMT.SMT.smt_md_CorticospinaltractL",70.0044634928982,0,0,0.351621435999098
"580","SMT.SMT.smt_md_MediallemniscusL",74.5781434040824,0,0,0.374594312554805
"581","SMT.SMT.smt_md_InferiorcerebellarpeduncleL",116.69448891924,0,0,0.586138107766896
"582","SMT.SMT.smt_md_SuperiorcerebellarpeduncleL",-157.913524410046,0,0,0.793174855520063
"583","SMT.SMT.smt_md_CerebralpeduncleL",-50.1685295816011,0,0,0.251988652341226
"584","SMT.SMT.smt_md_AnteriorlimbofinternalcapsuleL",-24.0329875462253,1.01787017308844e-126,8.55010945394293e-124,0.120713925522901
"585","SMT.SMT.smt_md_PosteriorlimbofinternalcapsuleL",-38.1739398665935,3.70041415904013e-313,3.10834789359371e-310,0.191741710226755
"586","SMT.SMT.smt_md_RetrolenticularpartofinternalcapsuleL",-99.4072659745316,0,0,0.499307099385958
"587","SMT.SMT.smt_md_AnteriorcoronaradiataL",87.1458480076964,0,0,0.437719920829535
"588","SMT.SMT.smt_md_SuperiorcoronaradiataL",-35.091308305511,1.09027886904061e-265,9.15834249994116e-263,0.176258135579066
"589","SMT.SMT.smt_md_PosteriorcoronaradiataL",-179.555287252426,0,0,0.901878034553235
"590","SMT.SMT.smt_md_PosteriorthalamicradiationL",-100.086762020845,0,0,0.502720101409525
"591","SMT.SMT.smt_md_SagittalstratumL",-255.637786104386,0,0,1.28402848848022
"592","SMT.SMT.smt_md_ExternalcapsuleL",-220.966067378781,0,0,1.10987788552487
"593","SMT.SMT.smt_md_CingulumcingulategyrusL",-34.4857821754547,8.36279731483814e-257,7.02474974446404e-254,0.173216672838518
"594","SMT.SMT.smt_md_CingulumhippocampusL",-57.9808067720986,0,0,0.291228494875329
"595","SMT.SMT.smt_md_Fornix_StriaterminalisL",-146.10722792722,0,0,0.733873680766493
"596","SMT.SMT.smt_md_SuperiorlongitudinalfasciculusL",-234.920201226929,0,0,1.17996731035571
"597","SMT.SMT.smt_md_SuperiorfrontooccipitalfasciculusL",64.3652924641927,0,0,0.323296764742115
"598","SMT.SMT.smt_md_UncinatefasciculusL",-119.946607107351,0,0,0.602472987148671
"599","SMT.SMT.smt_md_TapetumL",-120.743677661108,0,0,0.606476547474982
"600","SMT.SMT.smt_md_CINGL",-143.479839337265,0,0,0.720676720132383
"601","SMT.SMT.smt_trans_ATRL",-77.7500177706788,0,0,0.390526139811856
"602","SMT.SMT.smt_trans_CSTL",-264.589825929232,0,0,1.32899317989097
"603","SMT.SMT.smt_trans_CGL",-34.3476157108923,8.49741648678655e-255,7.1378298489007e-252,0.172522684366182
"604","SMT.SMT.smt_trans_IFOFL",19.0851486909642,7.74316290743607e-81,6.5042568422463e-78,0.0958617072989078
"605","SMT.SMT.smt_trans_ILFL",-95.7304021041634,0,0,0.480838789087384
"606","SMT.SMT.smt_trans_SLFL",-37.1761554613317,2.19093209882024e-297,1.840382963009e-294,0.186729995717563
"607","SMT.SMT.smt_trans_UFL",-215.53417697694,0,0,1.08259435233303
"608","SMT.SMT.smt_trans_SLFTL",210.719894188041,0,0,1.05841296527462
"609","SMT.SMT.smt_trans_CorticospinaltractL",-22.7348144325217,1.08505842136704e-113,9.11449073948314e-111,0.114193405664016
"610","SMT.SMT.smt_trans_MediallemniscusL",-63.4873408077952,0,0,0.318886951327978
"611","SMT.SMT.smt_trans_InferiorcerebellarpeduncleL",51.6181667739661,0,0,0.259269952501589
"612","SMT.SMT.smt_trans_SuperiorcerebellarpeduncleL",-89.0468066693123,0,0,0.447268137914865
"613","SMT.SMT.smt_trans_CerebralpeduncleL",-286.005667525964,0,0,1.43656159195567
"614","SMT.SMT.smt_trans_AnteriorlimbofinternalcapsuleL",-15.5880584298618,1.27555821769398e-54,1.07146890286294e-51,0.0782963716321019
"615","SMT.SMT.smt_trans_PosteriorlimbofinternalcapsuleL",-241.741169091747,0,0,1.21422796168939
"616","SMT.SMT.smt_trans_RetrolenticularpartofinternalcapsuleL",-145.636611204162,0,0,0.731509846809196
"617","SMT.SMT.smt_trans_AnteriorcoronaradiataL",-0.919444493853629,0.357868721045354,1,0.00461822542619899
"618","SMT.SMT.smt_trans_SuperiorcoronaradiataL",23.6645222772264,5.97899734637075e-123,5.02235777095143e-120,0.118863182291158
"619","SMT.SMT.smt_trans_PosteriorcoronaradiataL",-64.3340400428985,0,0,0.323139788733649
"620","SMT.SMT.smt_trans_PosteriorthalamicradiationL",45.4029828218257,0,0,0.228052058710119
"621","SMT.SMT.smt_trans_SagittalstratumL",-9.84458562708222,7.68375714832734e-23,6.45435600459496e-20,0.0494478089295239
"622","SMT.SMT.smt_trans_ExternalcapsuleL",60.0576863985732,0,0,0.301660335364076
"623","SMT.SMT.smt_trans_CingulumcingulategyrusL",-137.927620114824,0,0,0.692788794155
"624","SMT.SMT.smt_trans_CingulumhippocampusL",80.1541905173787,0,0,0.402601922289217
"625","SMT.SMT.smt_trans_Fornix_StriaterminalisL",-137.247965052461,0,0,0.689374993418763
"626","SMT.SMT.smt_trans_SuperiorlongitudinalfasciculusL",-77.9868981782257,0,0,0.39171595293099
"627","SMT.SMT.smt_trans_SuperiorfrontooccipitalfasciculusL",128.611224378133,0,0,0.645994000168708
"628","SMT.SMT.smt_trans_UncinatefasciculusL",188.354835741323,0,0,0.946076785910335
"629","SMT.SMT.smt_trans_TapetumL",-65.8312669779651,0,0,0.330660124704483
"630","SMT.SMT.smt_trans_CINGL",195.927384543206,0,0,0.984112510363267
"631","SMT_mc.SMT_mc.smt_mc_intra_ATRL",42.9885630963386,0,0,0.215924807266129
"632","SMT_mc.SMT_mc.smt_mc_intra_CSTL",276.965398424448,0,0,1.39115373873191
"633","SMT_mc.SMT_mc.smt_mc_intra_CGL",114.754623224398,0,0,0.576394466758414
"634","SMT_mc.SMT_mc.smt_mc_intra_IFOFL",-97.1959881681293,0,0,0.488200197927322
"635","SMT_mc.SMT_mc.smt_mc_intra_ILFL",142.647298596497,0,0,0.716494998622208
"636","SMT_mc.SMT_mc.smt_mc_intra_SLFL",-3.80259273353671,0.000143404131762147,0.120459470680204,0.0190998266506439
"637","SMT_mc.SMT_mc.smt_mc_intra_UFL",291.982648861035,0,0,1.46658303137704
"638","SMT_mc.SMT_mc.smt_mc_intra_SLFTL",-282.183204633839,0,0,1.41736196061618
"639","SMT_mc.SMT_mc.smt_mc_intra_CorticospinaltractL",66.3245665807543,0,0,0.333137891207586
"640","SMT_mc.SMT_mc.smt_mc_intra_MediallemniscusL",121.456546333144,0,0,0.61005717496119
"641","SMT_mc.SMT_mc.smt_mc_intra_InferiorcerebellarpeduncleL",-20.9136110389165,1.34101421251108e-96,1.12645193850931e-93,0.105045786775816
"642","SMT_mc.SMT_mc.smt_mc_intra_SuperiorcerebellarpeduncleL",9.90077243978099,4.39377624593944e-23,3.69077204658913e-20,0.0497300264736579
"643","SMT_mc.SMT_mc.smt_mc_intra_CerebralpeduncleL",314.389880564092,0,0,1.57913104039068
"644","SMT_mc.SMT_mc.smt_mc_intra_AnteriorlimbofinternalcapsuleL",42.0673933667656,0,0,0.211297916251611
"645","SMT_mc.SMT_mc.smt_mc_intra_PosteriorlimbofinternalcapsuleL",293.48011890118,0,0,1.47410458842654
"646","SMT_mc.SMT_mc.smt_mc_intra_RetrolenticularpartofinternalcapsuleL",160.695458127651,0,0,0.807148072081287
"647","SMT_mc.SMT_mc.smt_mc_intra_AnteriorcoronaradiataL",18.3695693981846,4.72230337817167e-75,3.9667348376642e-72,0.0922674647900138
"648","SMT_mc.SMT_mc.smt_mc_intra_SuperiorcoronaradiataL",-30.6952380990185,1.65110456891292e-204,1.38692783788685e-201,0.154177364701983
"649","SMT_mc.SMT_mc.smt_mc_intra_PosteriorcoronaradiataL",91.8508025734034,0,0,0.46135216937712
"650","SMT_mc.SMT_mc.smt_mc_intra_PosteriorthalamicradiationL",-71.0360440355405,0,0,0.356802903203538
"651","SMT_mc.SMT_mc.smt_mc_intra_SagittalstratumL",-33.6006524398706,4.445520778533e-244,3.73423745396772e-241,0.168770805058914
"652","SMT_mc.SMT_mc.smt_mc_intra_ExternalcapsuleL",-121.369601375883,0,0,0.60962046408306
"653","SMT_mc.SMT_mc.smt_mc_intra_CingulumcingulategyrusL",189.378498966974,0,0,0.951218485673801
"654","SMT_mc.SMT_mc.smt_mc_intra_CingulumhippocampusL",-92.7136759644464,0,0,0.465686247030248
"655","SMT_mc.SMT_mc.smt_mc_intra_Fornix_StriaterminalisL",76.6857147194828,0,0,0.385180312581315
"656","SMT_mc.SMT_mc.smt_mc_intra_SuperiorlongitudinalfasciculusL",61.1915901929394,0,0,0.307355756206782
"657","SMT_mc.SMT_mc.smt_mc_intra_SuperiorfrontooccipitalfasciculusL",-174.731079157833,0,0,0.877646794241662
"658","SMT_mc.SMT_mc.smt_mc_intra_UncinatefasciculusL",-194.300242761778,0,0,0.975939632503589
"659","SMT_mc.SMT_mc.smt_mc_intra_TapetumL",107.171006767056,0,0,0.538303151208697
"660","SMT_mc.SMT_mc.smt_mc_intra_CINGL",-348.085084962599,0,0,1.74837676510204
"661","SMT_mc.SMT_mc.smt_mc_extramd_ATRL",-47.23477675661,0,0,0.237252872224939
"662","SMT_mc.SMT_mc.smt_mc_extramd_CSTL",-180.057609189547,0,0,0.904401118826033
"663","SMT_mc.SMT_mc.smt_mc_extramd_CGL",137.441869367656,0,0,0.690348944369219
"664","SMT_mc.SMT_mc.smt_mc_extramd_IFOFL",-277.792851270114,0,0,1.39530990454332
"665","SMT_mc.SMT_mc.smt_mc_extramd_ILFL",-19.1880781664779,1.09397803870422e-81,9.18941552511542e-79,0.0963787059041543
"666","SMT_mc.SMT_mc.smt_mc_extramd_SLFL",-181.869695875827,0,0,0.913502945923803
"667","SMT_mc.SMT_mc.smt_mc_extramd_UFL",-21.849827003296,3.26758075206575e-105,2.74476783173523e-102,0.109748252666916
"668","SMT_mc.SMT_mc.smt_mc_extramd_SLFTL",-346.200888719673,0,0,1.73891274301567
"669","SMT_mc.SMT_mc.smt_mc_extramd_CorticospinaltractL",26.136583484993,2.59248988910258e-149,2.17769150684617e-146,0.131279957856342
"670","SMT_mc.SMT_mc.smt_mc_extramd_MediallemniscusL",66.5603201670635,0,0,0.334322044480449
"671","SMT_mc.SMT_mc.smt_mc_extramd_InferiorcerebellarpeduncleL",107.326249378531,0,0,0.539082910487631
"672","SMT_mc.SMT_mc.smt_mc_extramd_SuperiorcerebellarpeduncleL",-176.365945348037,0,0,0.885858470594617
"673","SMT_mc.SMT_mc.smt_mc_extramd_CerebralpeduncleL",-256.198368536543,0,0,1.28684420607815
"674","SMT_mc.SMT_mc.smt_mc_extramd_AnteriorlimbofinternalcapsuleL",-57.7523466802958,0,0,0.290080975680982
"675","SMT_mc.SMT_mc.smt_mc_extramd_PosteriorlimbofinternalcapsuleL",-164.340309695508,0,0,0.825455589607276
"676","SMT_mc.SMT_mc.smt_mc_extramd_RetrolenticularpartofinternalcapsuleL",-83.4949515083172,0,0,0.419382040560998
"677","SMT_mc.SMT_mc.smt_mc_extramd_AnteriorcoronaradiataL",93.8208208929754,0,0,0.471247262288489
"678","SMT_mc.SMT_mc.smt_mc_extramd_SuperiorcoronaradiataL",-38.9856476170241,0,0,0.19581879089529
"679","SMT_mc.SMT_mc.smt_mc_extramd_PosteriorcoronaradiataL",-150.054643021701,0,0,0.753700927412658
"680","SMT_mc.SMT_mc.smt_mc_extramd_PosteriorthalamicradiationL",-75.2833872910198,0,0,0.378136641941839
"681","SMT_mc.SMT_mc.smt_mc_extramd_SagittalstratumL",-214.371510204419,0,0,1.07675445956414
"682","SMT_mc.SMT_mc.smt_mc_extramd_ExternalcapsuleL",-210.881424516496,0,0,1.05922430676936
"683","SMT_mc.SMT_mc.smt_mc_extramd_CingulumcingulategyrusL",-6.54485235618195,6.02791460624661e-11,5.06344826924716e-08,0.0328737664579998
"684","SMT_mc.SMT_mc.smt_mc_extramd_CingulumhippocampusL",-66.4650845910316,0,0,0.33384369112508
"685","SMT_mc.SMT_mc.smt_mc_extramd_Fornix_StriaterminalisL",-162.042367051647,0,0,0.813913384268326
"686","SMT_mc.SMT_mc.smt_mc_extramd_SuperiorlongitudinalfasciculusL",-224.266484698709,0,0,1.12645536386733
"687","SMT_mc.SMT_mc.smt_mc_extramd_SuperiorfrontooccipitalfasciculusL",64.9351077188954,0,0,0.32615885735901
"688","SMT_mc.SMT_mc.smt_mc_extramd_UncinatefasciculusL",-141.389755472627,0,0,0.710178556827168
"689","SMT_mc.SMT_mc.smt_mc_extramd_TapetumL",-68.5463430784345,0,0,0.344297525945202
"690","SMT_mc.SMT_mc.smt_mc_extramd_CINGL",-136.924649507354,0,0,0.68775103016586
"691","SMT_mc.SMT_mc.smt_mc_extratrans_ATRL",-67.7821010222232,0,0,0.340458858011076
"692","SMT_mc.SMT_mc.smt_mc_extratrans_CSTL",-336.17859986469,0,0,1.68857235865511
"693","SMT_mc.SMT_mc.smt_mc_extratrans_CGL",29.2502617659929,4.2693481723058e-186,3.58625246473688e-183,0.146919475306764
"694","SMT_mc.SMT_mc.smt_mc_extratrans_IFOFL",-230.445542894957,0,0,1.15749180365531
"695","SMT_mc.SMT_mc.smt_mc_extratrans_ILFL",-100.233505999095,0,0,0.503457173387259
"696","SMT_mc.SMT_mc.smt_mc_extratrans_SLFL",-141.809205676563,0,0,0.712285389387247
"697","SMT_mc.SMT_mc.smt_mc_extratrans_UFL",-199.604577575241,0,0,1.00258247398925
"698","SMT_mc.SMT_mc.smt_mc_extratrans_SLFTL",-94.4003565534264,0,0,0.47415817897826
"699","SMT_mc.SMT_mc.smt_mc_extratrans_CorticospinaltractL",-35.3487217031961,1.64661414379114e-269,1.38315588078455e-266,0.177551082685909
"700","SMT_mc.SMT_mc.smt_mc_extratrans_MediallemniscusL",-35.3673065123427,8.7038773631561e-270,7.31125698505112e-267,0.177644431266185
"701","SMT_mc.SMT_mc.smt_mc_extratrans_InferiorcerebellarpeduncleL",80.6584525376968,0,0,0.4051347512955
"702","SMT_mc.SMT_mc.smt_mc_extratrans_SuperiorcerebellarpeduncleL",-100.417089509007,0,0,0.504379284552175
"703","SMT_mc.SMT_mc.smt_mc_extratrans_CerebralpeduncleL",-367.309730411129,0,0,1.84493914272631
"704","SMT_mc.SMT_mc.smt_mc_extratrans_AnteriorlimbofinternalcapsuleL",-128.769298992175,0,0,0.646787984152172
"705","SMT_mc.SMT_mc.smt_mc_extratrans_PosteriorlimbofinternalcapsuleL",-352.18599781297,0,0,1.76897500689131
"706","SMT_mc.SMT_mc.smt_mc_extratrans_RetrolenticularpartofinternalcapsuleL",-208.245767428823,0,0,1.04598581476859
"707","SMT_mc.SMT_mc.smt_mc_extratrans_AnteriorcoronaradiataL",54.6640700092122,0,0,0.274569046531501
"708","SMT_mc.SMT_mc.smt_mc_extratrans_SuperiorcoronaradiataL",7.45199002879163,9.38119791991593e-14,7.88020625272938e-11,0.0374301766521006
"709","SMT_mc.SMT_mc.smt_mc_extratrans_PosteriorcoronaradiataL",-148.674964438941,0,0,0.746771018371404
"710","SMT_mc.SMT_mc.smt_mc_extratrans_PosteriorthalamicradiationL",-7.23962833601271,4.58072517741783e-13,3.84780914903098e-10,0.0363635171901115
"711","SMT_mc.SMT_mc.smt_mc_extratrans_SagittalstratumL",-192.944778158483,0,0,0.969131346481875
"712","SMT_mc.SMT_mc.smt_mc_extratrans_ExternalcapsuleL",-184.199474287362,0,0,0.925205057328549
"713","SMT_mc.SMT_mc.smt_mc_extratrans_CingulumcingulategyrusL",-184.497028634493,0,0,0.926699626126107
"714","SMT_mc.SMT_mc.smt_mc_extratrans_CingulumhippocampusL",-33.356298236523,1.27670089473346e-240,1.0724287515761e-237,0.167543452236161
"715","SMT_mc.SMT_mc.smt_mc_extratrans_Fornix_StriaterminalisL",-234.268966238134,0,0,1.17669625918973
"716","SMT_mc.SMT_mc.smt_mc_extratrans_SuperiorlongitudinalfasciculusL",-181.08207913384,0,0,0.909546870610655
"717","SMT_mc.SMT_mc.smt_mc_extratrans_SuperiorfrontooccipitalfasciculusL",174.545806829333,0,0,0.87671620040596
"718","SMT_mc.SMT_mc.smt_mc_extratrans_UncinatefasciculusL",-44.9544797843283,0,0,0.22579929832562
"719","SMT_mc.SMT_mc.smt_mc_extratrans_TapetumL",-87.2761060360863,0,0,0.438374186467861
"720","SMT_mc.SMT_mc.smt_mc_extratrans_CINGL",41.4099969592444,0,0,0.207995917246119
"721","SMT_mc.SMT_mc.smt_mc_diff_ATRL",-11.5165266067015,1.21866122595045e-30,1.02367542979838e-27,0.0578457061324476
"722","SMT_mc.SMT_mc.smt_mc_diff_CSTL",84.0204110671517,0,0,0.422021341477225
"723","SMT_mc.SMT_mc.smt_mc_diff_CGL",154.088287396134,0,0,0.773961290202119
"724","SMT_mc.SMT_mc.smt_mc_diff_IFOFL",-232.189541387986,0,0,1.16625163444183
"725","SMT_mc.SMT_mc.smt_mc_diff_ILFL",45.1496220267539,0,0,0.226779467190323
"726","SMT_mc.SMT_mc.smt_mc_diff_SLFL",-139.669538201223,0,0,0.701538175385445
"727","SMT_mc.SMT_mc.smt_mc_diff_UFL",133.004638536085,0,0,0.668061430130723
"728","SMT_mc.SMT_mc.smt_mc_diff_SLFTL",-369.194636122558,0,0,1.85440672836166
"729","SMT_mc.SMT_mc.smt_mc_diff_CorticospinaltractL",101.314383194053,0,0,0.508886249941336
"730","SMT_mc.SMT_mc.smt_mc_diff_MediallemniscusL",121.570475133739,0,0,0.610629421450455
"731","SMT_mc.SMT_mc.smt_mc_diff_InferiorcerebellarpeduncleL",85.69519243742,0,0,0.430433505516709
"732","SMT_mc.SMT_mc.smt_mc_diff_SuperiorcerebellarpeduncleL",-140.259672310647,0,0,0.704502326421456
"733","SMT_mc.SMT_mc.smt_mc_diff_CerebralpeduncleL",86.7589918796235,0,0,0.435776803198302
"734","SMT_mc.SMT_mc.smt_mc_diff_AnteriorlimbofinternalcapsuleL",14.9645439854236,1.72030684793943e-50,1.44505775226912e-47,0.0751645564108932
"735","SMT_mc.SMT_mc.smt_mc_diff_PosteriorlimbofinternalcapsuleL",86.6707461538608,0,0,0.435333558764086
"736","SMT_mc.SMT_mc.smt_mc_diff_RetrolenticularpartofinternalcapsuleL",17.9978713079978,3.92601224982322e-72,3.2978502898515e-69,0.0904004836046927
"737","SMT_mc.SMT_mc.smt_mc_diff_AnteriorcoronaradiataL",79.8125929451456,0,0,0.400886131282621
"738","SMT_mc.SMT_mc.smt_mc_diff_SuperiorcoronaradiataL",-54.4403922529455,0,0,0.273445548258174
"739","SMT_mc.SMT_mc.smt_mc_diff_PosteriorcoronaradiataL",-75.4008642848481,0,0,0.378726710448988
"740","SMT_mc.SMT_mc.smt_mc_diff_PosteriorthalamicradiationL",-105.420913970594,0,0,0.529512709692267
"741","SMT_mc.SMT_mc.smt_mc_diff_SagittalstratumL",-168.836240479554,0,0,0.848037944496674
"742","SMT_mc.SMT_mc.smt_mc_diff_ExternalcapsuleL",-198.714241365863,0,0,0.998110454908699
"743","SMT_mc.SMT_mc.smt_mc_diff_CingulumcingulategyrusL",100.982015769307,0,0,0.507216820517307
"744","SMT_mc.SMT_mc.smt_mc_diff_CingulumhippocampusL",-81.5739123808322,0,0,0.409732962446357
"745","SMT_mc.SMT_mc.smt_mc_diff_Fornix_StriaterminalisL",-69.3082295817864,0,0,0.348124362306915
"746","SMT_mc.SMT_mc.smt_mc_diff_SuperiorlongitudinalfasciculusL",-134.943872870375,0,0,0.677801899914206
"747","SMT_mc.SMT_mc.smt_mc_diff_SuperiorfrontooccipitalfasciculusL",-93.0455614461076,0,0,0.467353255729784
"748","SMT_mc.SMT_mc.smt_mc_diff_UncinatefasciculusL",-171.250905788813,0,0,0.860166429469422
"749","SMT_mc.SMT_mc.smt_mc_diff_TapetumL",-17.5118205272474,2.10839166623232e-68,1.77104899963515e-65,0.0879591267973073
"750","SMT_mc.SMT_mc.smt_mc_diff_CINGL",-279.998632915388,0,0,1.40638919964698
"751","WMTI.WMTI.axEAD_ATRL",-1.12068567305832,0.262428472807393,1,0.00562902829337962
"752","WMTI.WMTI.axEAD_CSTL",12.3757654932581,4.10512187963497e-35,3.44830237889337e-32,0.0621615282398238
"753","WMTI.WMTI.axEAD_CGL",57.174598615151,0,0,0.28717903780194
"754","WMTI.WMTI.axEAD_IFOFL",-2.22710172339736,0.0259460703102857,1,0.0111863825108308
"755","WMTI.WMTI.axEAD_ILFL",2.95587338243377,0.00311968593013918,1,0.0148468882054688
"756","WMTI.WMTI.axEAD_SLFL",0.339644207802818,0.73412628170408,1,0.00170597956355342
"757","WMTI.WMTI.axEAD_UFL",-41.1492720143793,0,0,0.206686336757391
"758","WMTI.WMTI.axEAD_SLFTL",-102.430132758376,0,0,0.514490484935042
"759","WMTI.WMTI.axEAD_CorticospinaltractL",23.2412553409518,1.08764371189102e-118,9.13620717988455e-116,0.116737178883404
"760","WMTI.WMTI.axEAD_MediallemniscusL",6.64763133866719,3.01702237988344e-11,2.53429879910209e-08,0.0333900091603713
"761","WMTI.WMTI.axEAD_InferiorcerebellarpeduncleL",12.1664376298866,5.39453538162833e-34,4.5314097205678e-31,0.0611101072269225
"762","WMTI.WMTI.axEAD_SuperiorcerebellarpeduncleL",-15.8800643785661,1.30256825032243e-56,1.09415733027084e-53,0.079763071694936
"763","WMTI.WMTI.axEAD_CerebralpeduncleL",-3.19699528126072,0.00138976151354553,1,0.0160580056697855
"764","WMTI.WMTI.axEAD_AnteriorlimbofinternalcapsuleL",-2.29373856007828,0.0218107269407799,1,0.0115210888857544
"765","WMTI.WMTI.axEAD_PosteriorlimbofinternalcapsuleL",-7.79716739695847,6.48533434014996e-15,5.44768084572597e-12,0.039163948411976
"766","WMTI.WMTI.axEAD_RetrolenticularpartofinternalcapsuleL",5.65540374160814,1.56548568248098e-08,1.31500797328403e-05,0.0284062056268838
"767","WMTI.WMTI.axEAD_AnteriorcoronaradiataL",-1.02612706925821,0.304837954504228,1,0.00515407526331122
"768","WMTI.WMTI.axEAD_SuperiorcoronaradiataL",10.0712308791475,7.91015259870406e-24,6.64452818291141e-21,0.0505862124686314
"769","WMTI.WMTI.axEAD_PosteriorcoronaradiataL",-47.4415004410948,0,0,0.238291212855905
"770","WMTI.WMTI.axEAD_PosteriorthalamicradiationL",1.98155400426094,0.0475360771240217,1,0.00995303484553779
"771","WMTI.WMTI.axEAD_SagittalstratumL",0.242286913470063,0.808559106839023,1,0.00121696915007109
"772","WMTI.WMTI.axEAD_ExternalcapsuleL",-13.6005132745472,4.9422571212965e-42,4.15149598188906e-39,0.0683132441748693
"773","WMTI.WMTI.axEAD_CingulumcingulategyrusL",44.2792844815328,0,0,0.222407898261926
"774","WMTI.WMTI.axEAD_CingulumhippocampusL",-1.03013471961523,0.302953054734335,1,0.00517420506222981
"775","WMTI.WMTI.axEAD_Fornix_StriaterminalisL",-24.6926901674179,1.31542738879548e-133,1.1049590065882e-130,0.124027508277799
"776","WMTI.WMTI.axEAD_SuperiorlongitudinalfasciculusL",-3.95791396310843,7.57389148497095e-05,0.063620688473756,0.019879980815941
"777","WMTI.WMTI.axEAD_SuperiorfrontooccipitalfasciculusL",-117.292303002039,0,0,0.589140834104133
"778","WMTI.WMTI.axEAD_UncinatefasciculusL",-118.803524128413,0,0,0.596731460702132
"779","WMTI.WMTI.axEAD_TapetumL",33.8929811015341,3.0168418313358e-248,2.53414713832207e-245,0.170239126058308
"780","WMTI.WMTI.axEAD_CINGL",-1.31231617523963,0.189421076074188,1,0.00659155823784604
"781","WMTI.WMTI.awf_ATRL",-24.6928756989796,1.30949604560343e-133,1.09997667830688e-130,0.124028440173712
"782","WMTI.WMTI.awf_CSTL",230.290292005362,0,0,1.15671200279667
"783","WMTI.WMTI.awf_CGL",100.493955101416,0,0,0.504765368362175
"784","WMTI.WMTI.awf_IFOFL",-0.384856983779312,0.700345442612173,1,0.00193307624312828
"785","WMTI.WMTI.awf_ILFL",331.153193844218,0,0,1.66333053273103
"786","WMTI.WMTI.awf_SLFL",46.2905359685404,0,0,0.232510098903575
"787","WMTI.WMTI.awf_UFL",229.267296449452,0,0,1.15157365663356
"788","WMTI.WMTI.awf_SLFTL",-267.386143865915,0,0,1.34303864612766
"789","WMTI.WMTI.awf_CorticospinaltractL",-79.5117129936429,0,0,0.399374858496119
"790","WMTI.WMTI.awf_MediallemniscusL",-14.6286136429281,2.46704208963798e-48,2.07231535529591e-45,0.0734772310100496
"791","WMTI.WMTI.awf_InferiorcerebellarpeduncleL",-43.6551443870736,0,0,0.219272940498829
"792","WMTI.WMTI.awf_SuperiorcerebellarpeduncleL",0.12426770126707,0.901103949853594,1,0.000624177165110238
"793","WMTI.WMTI.awf_CerebralpeduncleL",111.377852024065,0,0,0.559433474855071
"794","WMTI.WMTI.awf_AnteriorlimbofinternalcapsuleL",-23.9198167154552,1.48349484085792e-125,1.24613566632065e-122,0.120145486197133
"795","WMTI.WMTI.awf_PosteriorlimbofinternalcapsuleL",19.6035805875332,3.65398283116839e-85,3.06934557818145e-82,0.0984657093702591
"796","WMTI.WMTI.awf_RetrolenticularpartofinternalcapsuleL",167.747913076105,0,0,0.842571446714333
"797","WMTI.WMTI.awf_AnteriorcoronaradiataL",42.4191875223587,0,0,0.213064923096515
"798","WMTI.WMTI.awf_SuperiorcoronaradiataL",143.543755897375,0,0,0.720997762984921
"799","WMTI.WMTI.awf_PosteriorcoronaradiataL",-11.6405546849968,2.88231313288603e-31,2.42114303162427e-28,0.0584686797089703
"800","WMTI.WMTI.awf_PosteriorthalamicradiationL",26.9528645747264,1.42811405591751e-158,1.19961580697071e-155,0.135380009690607
"801","WMTI.WMTI.awf_SagittalstratumL",59.8310430088778,0,0,0.300521941179363
"802","WMTI.WMTI.awf_ExternalcapsuleL",5.46876965368058,4.5590244383392e-08,3.82958052820493e-05,0.0274687718872465
"803","WMTI.WMTI.awf_CingulumcingulategyrusL",364.458526208937,0,0,1.83061799138997
"804","WMTI.WMTI.awf_CingulumhippocampusL",-44.008865109278,0,0,0.221049624185533
"805","WMTI.WMTI.awf_Fornix_StriaterminalisL",184.627169465289,0,0,0.927353303099305
"806","WMTI.WMTI.awf_SuperiorlongitudinalfasciculusL",148.95651263097,0,0,0.748185190763344
"807","WMTI.WMTI.awf_SuperiorfrontooccipitalfasciculusL",-299.268337666974,0,0,1.50317790308042
"808","WMTI.WMTI.awf_UncinatefasciculusL",-40.0517902810483,0,0,0.201173858212422
"809","WMTI.WMTI.awf_TapetumL",165.913830244183,0,0,0.833359136428332
"810","WMTI.WMTI.awf_CINGL",-239.629852023886,0,0,1.203623147336
"811","WMTI.WMTI.radEAD_ATRL",-0.985276050614136,0.324494507579043,1,0.00494888700643509
"812","WMTI.WMTI.radEAD_CSTL",-16.6837661917369,2.80768253195347e-62,2.35845332684091e-59,0.0837999397967943
"813","WMTI.WMTI.radEAD_CGL",6.48305573553374,9.09373481065785e-11,7.63873724095259e-08,0.032563371728745
"814","WMTI.WMTI.radEAD_IFOFL",-3.0868793595612,0.00202409181558651,1,0.0155049106729459
"815","WMTI.WMTI.radEAD_ILFL",-0.194502209743378,0.845783662482893,1,0.000976954080962336
"816","WMTI.WMTI.radEAD_SLFL",-1.33849871779524,0.180741595523416,1,0.00672306904090283
"817","WMTI.WMTI.radEAD_UFL",15.4461306553127,1.14892233688067e-53,9.65094762979762e-51,0.0775834906898711
"818","WMTI.WMTI.radEAD_SLFTL",-68.048191076692,0,0,0.341795386603526
"819","WMTI.WMTI.radEAD_CorticospinaltractL",0.90712881232265,0.364344198054266,1,0.00455636569027338
"820","WMTI.WMTI.radEAD_MediallemniscusL",16.7593040097484,7.97435184840496e-63,6.69845555266017e-60,0.0841793544043228
"821","WMTI.WMTI.radEAD_InferiorcerebellarpeduncleL",21.6012787969925,6.86500100023367e-103,5.76660084019628e-100,0.108499834025382
"822","WMTI.WMTI.radEAD_SuperiorcerebellarpeduncleL",-59.6905908374426,0,0,0.299816471960041
"823","WMTI.WMTI.radEAD_CerebralpeduncleL",-6.49938221089897,8.16057206692095e-11,6.8548805362136e-08,0.032645377052781
"824","WMTI.WMTI.radEAD_AnteriorlimbofinternalcapsuleL",-1.84604140965789,0.064893644672914,1,0.00927237634559632
"825","WMTI.WMTI.radEAD_PosteriorlimbofinternalcapsuleL",-48.3913654923252,0,0,0.243062235968637
"826","WMTI.WMTI.radEAD_RetrolenticularpartofinternalcapsuleL",-67.5029250283679,0,0,0.33905660079835
"827","WMTI.WMTI.radEAD_AnteriorcoronaradiataL",-0.877389599638672,0.380280378198419,1,0.0044069902912251
"828","WMTI.WMTI.radEAD_SuperiorcoronaradiataL",-6.18472018439451,6.2819099191049e-10,5.27680433204812e-07,0.0310648790660325
"829","WMTI.WMTI.radEAD_PosteriorcoronaradiataL",-27.7020048698173,2.61001477991826e-167,2.19241241513134e-164,0.139142823848187
"830","WMTI.WMTI.radEAD_PosteriorthalamicradiationL",-1.65893075315399,0.0971376588144687,1,0.00833254887677624
"831","WMTI.WMTI.radEAD_SagittalstratumL",-2.07582306163465,0.0379167500571789,1,0.010426533529338
"832","WMTI.WMTI.radEAD_ExternalcapsuleL",-61.8382827800377,0,0,0.310603991601779
"833","WMTI.WMTI.radEAD_CingulumcingulategyrusL",-13.6659573658321,2.02393608477277e-42,1.70010631120912e-39,0.0686419595768177
"834","WMTI.WMTI.radEAD_CingulumhippocampusL",-1.074637265793,0.282543702405154,1,0.00539773436896082
"835","WMTI.WMTI.radEAD_Fornix_StriaterminalisL",-51.9722679920015,0,0,0.261048547359148
"836","WMTI.WMTI.radEAD_SuperiorlongitudinalfasciculusL",-16.5523257244326,2.47624404212715e-61,2.0800449953868e-58,0.083139734953333
"837","WMTI.WMTI.radEAD_SuperiorfrontooccipitalfasciculusL",106.163088721053,0,0,0.533240537012095
"838","WMTI.WMTI.radEAD_UncinatefasciculusL",16.4334487684651,1.74809177843218e-60,1.46839709388303e-57,0.0825426346560254
"839","WMTI.WMTI.radEAD_TapetumL",-78.5993250856847,0,0,0.394792077193653
"840","WMTI.WMTI.radEAD_CINGL",-1.98984683213774,0.0466146696865498,1,0.00999468841876794
